Citations,Tectonic Setting,Location,Rock Name,Rock Type,SiO2,TiO2,Al2O3,Fe2O3,CAO,MGO,FEO
[16952],RIFT VOLCANICS,ANTARCTICA / WEST ANTARCTIC RIFT SYSTEM / ROSS SEA RIFT / MOUNT RITTMANN,COMENDITIC RHYOLITE [16952],VOL,69.93,0.23,14.26,1.7,0.66,0.12,1.5
[16952],RIFT VOLCANICS,ANTARCTICA / WEST ANTARCTIC RIFT SYSTEM / ROSS SEA RIFT / MOUNT RITTMANN,COMENDITIC RHYOLITE [16952],VOL,74.82,0.21,11.17,1.49,0.33,0.06,1.79
[16952],RIFT VOLCANICS,ANTARCTICA / WEST ANTARCTIC RIFT SYSTEM / ROSS SEA RIFT / MOUNT RITTMANN,COMENDITIC RHYOLITE [16952],VOL,74.88,0.2,11.08,2.32,0.32,0.07,0.9
[21101],RIFT VOLCANICS,EAST AFRICAN RIFT / ETHIOPIAN RIFT / MAIN ETHIOPIAN RIFT,COMENDITIC RHYOLITE [21101],VOL,69.27,0.5,11.88,6.48,19.0,0.19,0.49
[5431],CONVERGENT MARGIN,BISMARCK ARC - NEW BRITAIN ARC / BISMARCK ARC - NEW BRITAIN ARC / D^ENTRECASTEAUX ISLANDS,COMENDITIC RHYOLITE [5431],VOL,69.03,0.33,14.64,2.42,0.41,0.32,0.97
[5431],CONVERGENT MARGIN,BISMARCK ARC - NEW BRITAIN ARC / BISMARCK ARC - NEW BRITAIN ARC / D^ENTRECASTEAUX ISLANDS,COMENDITIC RHYOLITE [5431],VOL,69.65,0.42,14.03,1.2,0.41,0.07,2.09
[5431],CONVERGENT MARGIN,BISMARCK ARC - NEW BRITAIN ARC / BISMARCK ARC - NEW BRITAIN ARC / D^ENTRECASTEAUX ISLANDS,COMENDITIC RHYOLITE [5431],VOL,70.68,0.28,14.09,0.99,0.33,0.15,1.86
[5431],CONVERGENT MARGIN,BISMARCK ARC - NEW BRITAIN ARC / BISMARCK ARC - NEW BRITAIN ARC / D^ENTRECASTEAUX ISLANDS,COMENDITIC RHYOLITE [5431],VOL,70.18,0.29,12.52,3.19,0.42,0.13,1.55
[5431],CONVERGENT MARGIN,BISMARCK ARC - NEW BRITAIN ARC / BISMARCK ARC - NEW BRITAIN ARC / D^ENTRECASTEAUX ISLANDS,COMENDITIC RHYOLITE [5431],VOL,72.43,0.25,10.5,2.0,0.17,0.04,2.58
[1427][798],OCEAN ISLAND,EASTER SEAMOUNT CHAIN - SALAS Y GOMEZ RIDGE / EASTER ISLAND (RAPA NUI) / RANO KAU,COMENDITIC RHYOLITE [1427],VOL,72.6,0.2,12.78,0.88,0.69,0.01,2.02
[1427][798],OCEAN ISLAND,EASTER SEAMOUNT CHAIN - SALAS Y GOMEZ RIDGE / EASTER ISLAND (RAPA NUI) / RANO KAU,COMENDITIC RHYOLITE [1427],VOL,72.7,0.2,12.87,0.86,0.62,0.0,2.06
[8059][8057][8060],RIFT VOLCANICS,EAST AFRICAN RIFT / KENYA RIFT (EASTERN EAST AFRICAN RIFT) / SOUTHERN KENYA RIFT / GREATER OLKARIA(NAIVASHA) / LOWER COMENDITE MEMBER,COMENDITIC RHYOLITE [8059],VOL,75.2,0.17,12.11,0.83,0.44,0.07,1.06
[8059],RIFT VOLCANICS,EAST AFRICAN RIFT / KENYA RIFT (EASTERN EAST AFRICAN RIFT) / SOUTHERN KENYA RIFT / GREATER OLKARIA(NAIVASHA) / LOWER COMENDITE MEMBER,COMENDITIC RHYOLITE [8059],VOL,74.7,0.15,12.11,0.94,0.65,0.08,1.05
[8059],RIFT VOLCANICS,EAST AFRICAN RIFT / KENYA RIFT (EASTERN EAST AFRICAN RIFT) / SOUTHERN KENYA RIFT / GREATER OLKARIA(NAIVASHA) / LOWER COMENDITE MEMBER,COMENDITIC RHYOLITE [8059],VOL,75.0,0.23,12.33,2.25,0.17,0.04,0.03
[8059],RIFT VOLCANICS,EAST AFRICAN RIFT / KENYA RIFT (EASTERN EAST AFRICAN RIFT) / SOUTHERN KENYA RIFT / GREATER OLKARIA(NAIVASHA) / LOWER COMENDITE MEMBER,COMENDITIC RHYOLITE [8059],VOL,74.9,0.15,12.11,0.92,0.48,0.05,1.02
[8059],RIFT VOLCANICS,EAST AFRICAN RIFT / KENYA RIFT (EASTERN EAST AFRICAN RIFT) / SOUTHERN KENYA RIFT / GREATER OLKARIA(NAIVASHA) / LOWER COMENDITE MEMBER,COMENDITIC RHYOLITE [8059],VOL,76.4,0.16,11.41,1.89,0.36,0.01,0.08
[8059][8060],RIFT VOLCANICS,EAST AFRICAN RIFT / KENYA RIFT (EASTERN EAST AFRICAN RIFT) / SOUTHERN KENYA RIFT / GREATER OLKARIA(NAIVASHA) / LOWER COMENDITE MEMBER,COMENDITIC RHYOLITE [8059],VOL,73.7,0.23,10.64,1.93,0.21,0.01,1.62
[8059],RIFT VOLCANICS,EAST AFRICAN RIFT / KENYA RIFT (EASTERN EAST AFRICAN RIFT) / SOUTHERN KENYA RIFT / GREATER OLKARIA(NAIVASHA) / LOWER COMENDITE MEMBER,COMENDITIC RHYOLITE [8059],VOL,73.8,0.22,10.64,1.72,0.22,0.01,1.81
[8059],RIFT VOLCANICS,EAST AFRICAN RIFT / KENYA RIFT (EASTERN EAST AFRICAN RIFT) / SOUTHERN KENYA RIFT / GREATER OLKARIA(NAIVASHA) / UPPER COMENDITE MEMBER,COMENDITIC RHYOLITE [8059],VOL,73.5,0.34,10.59,1.67,0.55,0.03,1.93
[8059],RIFT VOLCANICS,EAST AFRICAN RIFT / KENYA RIFT (EASTERN EAST AFRICAN RIFT) / SOUTHERN KENYA RIFT / GREATER OLKARIA(NAIVASHA) / UPPER COMENDITE MEMBER,COMENDITIC RHYOLITE [8059],VOL,74.5,0.22,10.57,1.64,0.21,0.01,1.98
[8059][8061],RIFT VOLCANICS,EAST AFRICAN RIFT / KENYA RIFT (EASTERN EAST AFRICAN RIFT) / SOUTHERN KENYA RIFT / GREATER OLKARIA(NAIVASHA) / UPPER COMENDITE MEMBER,COMENDITIC RHYOLITE [8059] / RHYOLITE [8061],VOL,74.6,0.18,10.67,1.38,0.18,0.01,1.89
[8059][8057][8061],RIFT VOLCANICS,EAST AFRICAN RIFT / KENYA RIFT (EASTERN EAST AFRICAN RIFT) / SOUTHERN KENYA RIFT / GREATER OLKARIA(NAIVASHA) / UPPER COMENDITE MEMBER,COMENDITIC RHYOLITE [8059] / RHYOLITE [8061],VOL,74.2,0.18,10.62,1.61,0.15,0.01,2.0
[8059][8057],RIFT VOLCANICS,EAST AFRICAN RIFT / KENYA RIFT (EASTERN EAST AFRICAN RIFT) / SOUTHERN KENYA RIFT / GREATER OLKARIA(NAIVASHA) / UPPER COMENDITE MEMBER,COMENDITIC RHYOLITE [8059],VOL,74.1,0.21,10.67,1.87,0.25,0.01,1.87
[8059][8061],RIFT VOLCANICS,EAST AFRICAN RIFT / KENYA RIFT (EASTERN EAST AFRICAN RIFT) / SOUTHERN KENYA RIFT / GREATER OLKARIA(NAIVASHA) / UPPER COMENDITE MEMBER,COMENDITIC RHYOLITE [8059] / RHYOLITE [8061],VOL,74.5,0.18,10.42,1.55,0.14,0.01,2.05
[8059][8061],RIFT VOLCANICS,EAST AFRICAN RIFT / KENYA RIFT (EASTERN EAST AFRICAN RIFT) / SOUTHERN KENYA RIFT / GREATER OLKARIA(NAIVASHA) / UPPER COMENDITE MEMBER,COMENDITIC RHYOLITE [8059] / RHYOLITE [8061],VOL,74.3,0.16,10.36,1.61,0.14,0.01,2.02
[8059],RIFT VOLCANICS,EAST AFRICAN RIFT / KENYA RIFT (EASTERN EAST AFRICAN RIFT) / SOUTHERN KENYA RIFT / GREATER OLKARIA(NAIVASHA) / OLOLBUTOT COMENDITE,COMENDITIC RHYOLITE [8059],VOL,73.5,0.23,10.46,1.66,0.59,0.02,1.99
[8059][8057][9695],RIFT VOLCANICS,EAST AFRICAN RIFT / KENYA RIFT (EASTERN EAST AFRICAN RIFT) / SOUTHERN KENYA RIFT / GREATER OLKARIA(NAIVASHA) / MIDDLE COMENDITE MEMBER,COMENDITIC RHYOLITE [8059],VOL,72.9,0.23,10.44,1.9,0.15,0.02,2.21
[8059][8057][9695],RIFT VOLCANICS,EAST AFRICAN RIFT / KENYA RIFT (EASTERN EAST AFRICAN RIFT) / SOUTHERN KENYA RIFT / GREATER OLKARIA(NAIVASHA) / MIDDLE COMENDITE MEMBER,COMENDITIC RHYOLITE [8059],VOL,72.5,0.24,10.32,1.93,0.15,0.02,2.25
[8059][8057][9695],RIFT VOLCANICS,EAST AFRICAN RIFT / KENYA RIFT (EASTERN EAST AFRICAN RIFT) / SOUTHERN KENYA RIFT / GREATER OLKARIA(NAIVASHA) / MIDDLE COMENDITE MEMBER,COMENDITIC RHYOLITE [8059],VOL,73.1,0.33,10.52,1.93,0.13,0.02,2.15
[8059][8061],RIFT VOLCANICS,EAST AFRICAN RIFT / KENYA RIFT (EASTERN EAST AFRICAN RIFT) / SOUTHERN KENYA RIFT / GREATER OLKARIA(NAIVASHA) / UPPER COMENDITE MEMBER,COMENDITIC RHYOLITE [8059] / RHYOLITE [8061],VOL,74.8,0.18,10.46,1.51,0.14,0.01,2.04
[8059][8060],RIFT VOLCANICS,EAST AFRICAN RIFT / KENYA RIFT (EASTERN EAST AFRICAN RIFT) / SOUTHERN KENYA RIFT / GREATER OLKARIA(NAIVASHA) / LOWER COMENDITE MEMBER,COMENDITIC RHYOLITE [8059],VOL,74.9,0.35,10.81,1.36,0.36,0.03,1.82
[8059],RIFT VOLCANICS,EAST AFRICAN RIFT / KENYA RIFT (EASTERN EAST AFRICAN RIFT) / SOUTHERN KENYA RIFT / GREATER OLKARIA(NAIVASHA) / UPPER COMENDITE MEMBER,COMENDITIC RHYOLITE [8059],VOL,74.5,0.3,10.75,1.41,0.26,0.02,1.77
[8059][8057],RIFT VOLCANICS,EAST AFRICAN RIFT / KENYA RIFT (EASTERN EAST AFRICAN RIFT) / SOUTHERN KENYA RIFT / GREATER OLKARIA(NAIVASHA) / UPPER COMENDITE MEMBER,COMENDITIC RHYOLITE [8059],VOL,74.1,0.3,10.64,1.67,0.22,0.01,2.0
[8059][9695],RIFT VOLCANICS,EAST AFRICAN RIFT / KENYA RIFT (EASTERN EAST AFRICAN RIFT) / SOUTHERN KENYA RIFT / GREATER OLKARIA(NAIVASHA) / OLOLBUTOT COMENDITE,COMENDITIC RHYOLITE [8059],VOL,73.5,0.22,10.23,1.87,0.18,0.02,2.27
[8059][9695],RIFT VOLCANICS,EAST AFRICAN RIFT / KENYA RIFT (EASTERN EAST AFRICAN RIFT) / SOUTHERN KENYA RIFT / GREATER OLKARIA(NAIVASHA) / OLOLBUTOT COMENDITE,COMENDITIC RHYOLITE [8059],VOL,73.3,0.22,10.45,1.61,0.19,0.01,2.01
[8059][9695],RIFT VOLCANICS,EAST AFRICAN RIFT / KENYA RIFT (EASTERN EAST AFRICAN RIFT) / SOUTHERN KENYA RIFT / GREATER OLKARIA(NAIVASHA) / OLOLBUTOT COMENDITE,COMENDITIC RHYOLITE [8059],VOL,73.0,0.29,10.32,1.89,0.21,0.01,2.3
[8059][8061],RIFT VOLCANICS,EAST AFRICAN RIFT / KENYA RIFT (EASTERN EAST AFRICAN RIFT) / SOUTHERN KENYA RIFT / GREATER OLKARIA(NAIVASHA) / OLOLBUTOT COMENDITE,COMENDITIC RHYOLITE [8059] / RHYOLITE [8061],VOL,74.5,0.18,10.38,1.58,0.14,0.01,2.05
[8059][8061],RIFT VOLCANICS,EAST AFRICAN RIFT / KENYA RIFT (EASTERN EAST AFRICAN RIFT) / SOUTHERN KENYA RIFT / GREATER OLKARIA(NAIVASHA) / OLOLBUTOT COMENDITE,COMENDITIC RHYOLITE [8059] / RHYOLITE [8061],VOL,74.7,0.18,10.47,1.58,0.14,0.01,2.05
[8059],RIFT VOLCANICS,EAST AFRICAN RIFT / KENYA RIFT (EASTERN EAST AFRICAN RIFT) / SOUTHERN KENYA RIFT / GREATER OLKARIA(NAIVASHA) / OLOLBUTOT COMENDITE,COMENDITIC RHYOLITE [8059],VOL,74.0,0.2,10.44,1.61,0.18,0.02,2.03
[6436],CONVERGENT MARGIN,BISMARCK ARC - NEW BRITAIN ARC / BISMARCK ARC - NEW BRITAIN ARC / D^ENTRECASTEAUX ISLANDS,COMENDITIC RHYOLITE [6436],VOL,69.6,0.3,14.01,1.17,0.35,0.08,2.11
[6436],CONVERGENT MARGIN,BISMARCK ARC - NEW BRITAIN ARC / BISMARCK ARC - NEW BRITAIN ARC / D^ENTRECASTEAUX ISLANDS,COMENDITIC RHYOLITE [6436],VOL,71.65,0.29,12.04,1.52,0.26,0.14,2.54
[6436],CONVERGENT MARGIN,BISMARCK ARC - NEW BRITAIN ARC / BISMARCK ARC - NEW BRITAIN ARC / D^ENTRECASTEAUX ISLANDS,COMENDITIC RHYOLITE [6436],VOL,73.57,0.25,10.67,1.99,0.17,0.05,2.62
[635],OCEAN ISLAND,AZORES / TERCEIRA / RAMINHO,COMENDITIC RHYOLITE [635],VOL,67.5,0.6,14.0,1.9,0.7,0.4,2.9
[635],OCEAN ISLAND,AZORES / TERCEIRA,COMENDITIC RHYOLITE [635],VOL,68.4,0.5,12.8,1.5,0.8,0.2,3.6
[1286],OCEAN ISLAND,MASCARENE ISLANDS INCL. REUNION / REUNION / PITON DES NEIGES,COMENDITIC RHYOLITE [1286],VOL,68.67,0.22,15.95,2.53,0.4,0.15,0.1
[1286],OCEAN ISLAND,MASCARENE ISLANDS INCL. REUNION / REUNION / PITON DES NEIGES,COMENDITIC RHYOLITE [1286],VOL,69.9,0.08,14.8,1.83,0.67,0.0,0.72
[9490],INTRAPLATE VOLCANICS,AUSTRALIA / EASTERN AUSTRALIAN CENOZOIC VOLCANIC ZONE / QUEENSLAND / GLASS HOUSE MOUNTAINS VOLCANIC CENTRE,COMENDITIC RHYOLITE [9490],VOL,72.46,0.15,11.46,2.02,0.12,0.0,2.03
[9490],INTRAPLATE VOLCANICS,AUSTRALIA / EASTERN AUSTRALIAN CENOZOIC VOLCANIC ZONE / QUEENSLAND / MOUNT COOLUM VOLCANIC CENTRE,COMENDITIC RHYOLITE [9490],VOL,74.52,0.14,11.6,1.63,0.07,0.03,1.19
[9650],INTRAPLATE VOLCANICS,AUSTRALIA / EASTERN AUSTRALIAN CENOZOIC VOLCANIC ZONE / NEW SOUTH WALES / TWEED / MAIN RANGE VOLCANICS - LAMINGTON GROUP,COMENDITIC RHYOLITE [9650],VOL,73.9,0.21,11.43,1.85,0.08,0.06,0.48
[1419][1427],OCEAN ISLAND,ICELAND / ICELAND / SETBERG,RHYOLITE [1419] / COMENDITIC RHYOLITE [1427],VOL,75.0,0.08,13.5,1.0,0.2,0.01,1.0
[798],OCEAN ISLAND,EASTER SEAMOUNT CHAIN - SALAS Y GOMEZ RIDGE / EASTER ISLAND (RAPA NUI) / RANO KAU,COMENDITIC RHYOLITE [798],VOL,72.3,0.21,13.18,0.82,0.84,0.01,2.25
[1362],OCEAN ISLAND,CANARY ISLANDS / GRAN CANARIA / MOGAN FORMATION / POST-SHIELD STAGE,COMENDITIC RHYOLITE [1362],VOL,68.2,0.9,13.9,3.0,0.9,0.3,0.17
[10334][9617],CONVERGENT MARGIN,LIGURIA-SARDO-TYRRHENIAN ARC / SARDINIA / SOUTHERN SARDINIA,COMENDITIC RHYOLITE [10334],VOL,73.34,0.23,10.41,3.57,0.2,0.1,1.6
[8357][9237],INTRAPLATE VOLCANICS,ARABIAN-NUBIAN SHIELD / YEMEN / ADEN REGION / JEBEL KHARIZ,COMENDITIC RHYOLITE [8357],VOL,68.3,0.45,11.65,4.84,2.4,0.33,0.08
[2043],OCEAN ISLAND,ICELAND / ICELAND / TINDFJALLAJÖKULL / THORSMÖRK IGNIMBRITE,COMENDITIC RHYOLITE [2043],VOL,70.09,0.27,11.91,0.82,0.93,0.15,2.13
[2043],OCEAN ISLAND,ICELAND / ICELAND / TINDFJALLAJÖKULL / THORSMÖRK IGNIMBRITE,COMENDITIC RHYOLITE [2043],VOL,73.57,0.28,12.5,0.86,0.98,0.16,2.24
[750],OCEAN ISLAND,BOUVET / BOUVET,COMENDITIC RHYOLITE [750],VOL,68.64,0.26,13.42,1.94,0.68,0.05,2.64
[750],OCEAN ISLAND,BOUVET / BOUVET,COMENDITIC RHYOLITE [750],VOL,68.51,0.27,13.56,2.41,0.76,0.02,2.1
[750],OCEAN ISLAND,BOUVET / BOUVET,COMENDITIC RHYOLITE [750],VOL,68.97,0.27,13.32,0.95,0.82,0.05,3.24
[750],OCEAN ISLAND,BOUVET / BOUVET,COMENDITIC RHYOLITE [750],VOL,68.74,0.29,13.46,2.21,0.71,0.05,2.15
[750],OCEAN ISLAND,BOUVET / BOUVET,COMENDITIC RHYOLITE [750],VOL,68.29,0.3,13.88,1.69,0.73,0.05,2.69
[750],OCEAN ISLAND,BOUVET / BOUVET,COMENDITIC RHYOLITE [750],VOL,68.68,0.28,13.64,2.77,0.65,0.04,1.78
[750],OCEAN ISLAND,BOUVET / BOUVET,COMENDITIC RHYOLITE [750],VOL,68.29,0.28,13.19,3.29,0.44,0.01,1.32
[750],OCEAN ISLAND,BOUVET / BOUVET,COMENDITIC RHYOLITE [750],VOL,70.95,0.3,13.86,2.26,0.42,0.03,2.17
[750],OCEAN ISLAND,BOUVET / BOUVET,COMENDITIC RHYOLITE [750],VOL,68.94,0.24,13.4,0.98,0.72,0.01,3.34
[750],OCEAN ISLAND,BOUVET / BOUVET,COMENDITIC RHYOLITE [750],VOL,69.04,0.25,13.0,1.11,0.7,0.01,3.31
[750],OCEAN ISLAND,BOUVET / BOUVET,COMENDITIC RHYOLITE [750],VOL,69.09,0.27,13.1,1.05,0.72,0.02,3.38
[750],OCEAN ISLAND,BOUVET / BOUVET,COMENDITIC RHYOLITE [750],VOL,66.92,0.33,13.19,1.55,1.0,0.12,3.01
[7625],RIFT VOLCANICS,EAST AFRICAN RIFT / ETHIOPIAN RIFT / MAIN ETHIOPIAN RIFT / ASELA IGNIMBRITE,COMENDITIC RHYOLITE [7625],VOL,73.5,0.38,10.76,5.01,0.23,0.25,0.11
[7625],RIFT VOLCANICS,EAST AFRICAN RIFT / ETHIOPIAN RIFT / MAIN ETHIOPIAN RIFT / ASELA IGNIMBRITE,COMENDITIC RHYOLITE [7625],VOL,73.97,0.36,10.6,3.46,0.3,0.22,1.45
[7625],RIFT VOLCANICS,EAST AFRICAN RIFT / ETHIOPIAN RIFT / MAIN ETHIOPIAN RIFT / TULU MOYE-HATE UNIT,COMENDITIC RHYOLITE [7625],VOL,69.75,0.35,11.89,2.25,0.59,0.23,2.35
[7625],RIFT VOLCANICS,EAST AFRICAN RIFT / ETHIOPIAN RIFT / MAIN ETHIOPIAN RIFT / ALUTO MARECHA UNIT,COMENDITIC RHYOLITE [7625],VOL,74.76,0.23,12.18,1.73,0.38,0.21,0.61
[7625],RIFT VOLCANICS,EAST AFRICAN RIFT / ETHIOPIAN RIFT / MAIN ETHIOPIAN RIFT / ALUTO MARECHA UNIT,COMENDITIC RHYOLITE [7625],VOL,74.91,0.23,12.22,1.38,0.38,0.21,0.94
[8059],RIFT VOLCANICS,EAST AFRICAN RIFT / KENYA RIFT (EASTERN EAST AFRICAN RIFT) / SOUTHERN KENYA RIFT / GREATER OLKARIA(NAIVASHA) / LOWER COMENDITE MEMBER,COMENDITIC RHYOLITE [8059],VOL,75.2,0.2,12.17,0.88,0.53,0.07,1.04
[8059],RIFT VOLCANICS,EAST AFRICAN RIFT / KENYA RIFT (EASTERN EAST AFRICAN RIFT) / SOUTHERN KENYA RIFT / GREATER OLKARIA(NAIVASHA),COMENDITIC RHYOLITE [8059],VOL,75.7,0.26,11.09,2.65,0.26,0.02,0.04
[8059],RIFT VOLCANICS,EAST AFRICAN RIFT / KENYA RIFT (EASTERN EAST AFRICAN RIFT) / SOUTHERN KENYA RIFT / GREATER OLKARIA(NAIVASHA) / LOWER COMENDITE MEMBER,COMENDITIC RHYOLITE [8059],VOL,75.4,0.18,12.09,0.87,0.46,0.04,0.97
[8059],RIFT VOLCANICS,EAST AFRICAN RIFT / KENYA RIFT (EASTERN EAST AFRICAN RIFT) / SOUTHERN KENYA RIFT / GREATER OLKARIA(NAIVASHA) / LOWER COMENDITE MEMBER,COMENDITIC RHYOLITE [8059],VOL,74.9,0.26,12.09,0.93,0.43,0.04,0.98
[8059],RIFT VOLCANICS,EAST AFRICAN RIFT / KENYA RIFT (EASTERN EAST AFRICAN RIFT) / SOUTHERN KENYA RIFT / GREATER OLKARIA(NAIVASHA),COMENDITIC RHYOLITE [8059],VOL,75.9,0.14,12.13,0.79,0.39,0.05,1.11
[8059],RIFT VOLCANICS,EAST AFRICAN RIFT / KENYA RIFT (EASTERN EAST AFRICAN RIFT) / SOUTHERN KENYA RIFT / GREATER OLKARIA(NAIVASHA) / UPPER COMENDITE MEMBER,COMENDITIC RHYOLITE [8059],VOL,73.9,0.27,10.55,1.71,0.17,0.01,1.98
[8059],RIFT VOLCANICS,EAST AFRICAN RIFT / KENYA RIFT (EASTERN EAST AFRICAN RIFT) / SOUTHERN KENYA RIFT / GREATER OLKARIA(NAIVASHA),COMENDITIC RHYOLITE [8059],VOL,74.9,0.3,10.62,3.09,0.21,0.02,0.71
[8059],RIFT VOLCANICS,EAST AFRICAN RIFT / KENYA RIFT (EASTERN EAST AFRICAN RIFT) / SOUTHERN KENYA RIFT / GREATER OLKARIA(NAIVASHA) / OLOLBUTOT COMENDITE,COMENDITIC RHYOLITE [8059],VOL,74.6,0.18,10.53,1.55,0.15,0.01,2.05
[1061][25435][1122],OCEAN ISLAND,ICELAND / ICELAND,COMENDITIC RHYOLITE [1061] / BASALT [25435],VOL,72.87,0.3,12.26,1.49,0.47,0.07,1.83
[1445],OCEAN ISLAND,REVILLAGIGEDO ARCHIPELAGO / SOCORRO,COMENDITIC RHYOLITE [1445],VOL,64.08,0.48,13.69,4.37,1.22,0.06,3.07
[1445],OCEAN ISLAND,REVILLAGIGEDO ARCHIPELAGO / SOCORRO / PRE-CALDERA STAGE,COMENDITIC RHYOLITE [1445],VOL,65.46,0.53,12.95,3.5,0.89,0.47,3.78
[1445],OCEAN ISLAND,REVILLAGIGEDO ARCHIPELAGO / SOCORRO,COMENDITIC RHYOLITE [1445],VOL,66.82,0.44,12.76,3.77,0.75,0.14,3.14
[8564],CONVERGENT MARGIN,HONSHU ARC / NORTHEASTERN HONSHU ARC / HONSHU / DAIJIMA STAGE,"COMENDITIC RHYOLITE, AEGIRINE-ARFVEDSONITE [8564]",VOL,76.62,0.48,11.08,1.44,0.22,0.07,1.03
[1454],OCEAN ISLAND,MASCARENE ISLANDS INCL. REUNION / REUNION / PITON DES NEIGES / DIFFERENTIATED SERIES,COMENDITIC RHYOLITE [1454],VOL,69.9,0.08,14.8,1.83,0.67,0.0,0.72
[2924],RIFT VOLCANICS,EAST AFRICAN RIFT / ETHIOPIAN RIFT / AFAR DEPRESSION / BOINA FUMAROLE FIELD,COMENDITIC RHYOLITE [2924],VOL,69.91,0.43,13.14,2.83,0.71,0.01,1.53
[1427],OCEAN ISLAND,ASCENSION / ASCENSION,COMENDITIC RHYOLITE [1427],VOL,71.4,0.23,12.4,1.22,0.47,0.03,2.14
[1427],OCEAN ISLAND,BOUVET / BOUVET,COMENDITIC RHYOLITE [1427],VOL,70.2,0.31,12.55,1.14,0.77,0.02,3.1
[1427],OCEAN ISLAND,BOUVET / BOUVET,COMENDITIC RHYOLITE [1427],VOL,69.5,0.32,13.25,1.05,0.88,0.02,3.21
[1427],OCEAN ISLAND,EASTER SEAMOUNT CHAIN - SALAS Y GOMEZ RIDGE / EASTER ISLAND (RAPA NUI),COMENDITIC RHYOLITE [1427],VOL,72.3,0.21,13.18,0.82,0.84,0.01,2.25
[1427],OCEAN ISLAND,ICELAND / ICELAND / LJOSUFJOELL,COMENDITIC RHYOLITE [1427],VOL,74.3,0.15,12.01,0.88,0.32,0.0,1.46
[1427],OCEAN ISLAND,ICELAND / ICELAND,COMENDITIC RHYOLITE [1427],VOL,73.6,0.2,12.04,1.26,0.38,0.05,1.87
[1347],CONVERGENT MARGIN,NEW ZEALAND / COROMANDEL-TAUPO / TAUPO VOLCANIC ZONE / MAYOR ISLAND,COMENDITIC RHYOLITE [1347],VOL,72.63,0.25,9.73,2.84,0.37,0.03,2.88
[1347],CONVERGENT MARGIN,NEW ZEALAND / COROMANDEL-TAUPO / TAUPO VOLCANIC ZONE / MAYOR ISLAND,COMENDITIC RHYOLITE [1347],VOL,72.5,0.23,9.67,4.42,0.34,0.28,1.53
[2929],RIFT VOLCANICS,EAST AFRICAN RIFT / ETHIOPIAN RIFT / MAIN ETHIOPIAN RIFT / BOSETI VOLCANIC COMPLEX,COMENDITIC RHYOLITE [2929],VOL,67.15,0.44,13.45,3.28,1.03,0.07,3.06
[2929],RIFT VOLCANICS,EAST AFRICAN RIFT / ETHIOPIAN RIFT / MAIN ETHIOPIAN RIFT / BOSETI VOLCANIC COMPLEX,COMENDITIC RHYOLITE [2929],VOL,66.68,0.48,12.93,3.15,1.57,0.11,3.33
[2929],RIFT VOLCANICS,EAST AFRICAN RIFT / ETHIOPIAN RIFT / MAIN ETHIOPIAN RIFT / BOSETI VOLCANIC COMPLEX,COMENDITIC RHYOLITE [2929],VOL,67.91,0.46,12.98,3.41,1.26,0.09,2.93
[2929],RIFT VOLCANICS,EAST AFRICAN RIFT / ETHIOPIAN RIFT / MAIN ETHIOPIAN RIFT / BOSETI VOLCANIC COMPLEX,COMENDITIC RHYOLITE [2929],VOL,68.53,0.42,12.91,3.26,0.95,0.12,2.83
[2929],RIFT VOLCANICS,EAST AFRICAN RIFT / ETHIOPIAN RIFT / MAIN ETHIOPIAN RIFT / BOSETI VOLCANIC COMPLEX,COMENDITIC RHYOLITE [2929],VOL,67.84,0.44,13.11,2.67,1.07,0.07,3.55
[2929],RIFT VOLCANICS,EAST AFRICAN RIFT / ETHIOPIAN RIFT / MAIN ETHIOPIAN RIFT / BOSETI VOLCANIC COMPLEX,COMENDITIC RHYOLITE [2929],VOL,67.0,0.45,13.91,2.88,0.97,0.11,3.17
[2929],RIFT VOLCANICS,EAST AFRICAN RIFT / ETHIOPIAN RIFT / MAIN ETHIOPIAN RIFT / BOSETI VOLCANIC COMPLEX,COMENDITIC RHYOLITE [2929],VOL,66.56,0.45,13.87,2.44,1.04,0.07,3.19
[2929],RIFT VOLCANICS,EAST AFRICAN RIFT / ETHIOPIAN RIFT / MAIN ETHIOPIAN RIFT / BOSETI VOLCANIC COMPLEX,COMENDITIC RHYOLITE [2929],VOL,68.95,0.34,12.88,2.74,0.93,0.2,2.48
[2929],RIFT VOLCANICS,EAST AFRICAN RIFT / ETHIOPIAN RIFT / MAIN ETHIOPIAN RIFT / BOSETI VOLCANIC COMPLEX,COMENDITIC RHYOLITE [2929],VOL,67.09,0.46,13.98,3.01,1.1,0.07,2.73
[2929],RIFT VOLCANICS,EAST AFRICAN RIFT / ETHIOPIAN RIFT / MAIN ETHIOPIAN RIFT / BOSETI VOLCANIC COMPLEX,COMENDITIC RHYOLITE [2929],VOL,67.43,0.34,12.62,2.65,1.61,0.08,2.48
[2929],RIFT VOLCANICS,EAST AFRICAN RIFT / ETHIOPIAN RIFT / MAIN ETHIOPIAN RIFT / BOSETI VOLCANIC COMPLEX,COMENDITIC RHYOLITE [2929],VOL,69.08,0.35,12.72,3.49,0.77,0.27,1.79
[2929],RIFT VOLCANICS,EAST AFRICAN RIFT / ETHIOPIAN RIFT / MAIN ETHIOPIAN RIFT / BOSETI VOLCANIC COMPLEX,COMENDITIC RHYOLITE [2929],VOL,68.96,0.34,12.38,3.29,0.93,0.07,2.0
[2929],RIFT VOLCANICS,EAST AFRICAN RIFT / ETHIOPIAN RIFT / MAIN ETHIOPIAN RIFT / BOSETI VOLCANIC COMPLEX,COMENDITIC RHYOLITE [2929],VOL,69.22,0.34,12.52,2.7,1.12,0.09,2.55
[2929],RIFT VOLCANICS,EAST AFRICAN RIFT / ETHIOPIAN RIFT / MAIN ETHIOPIAN RIFT / BOSETI VOLCANIC COMPLEX,COMENDITIC RHYOLITE [2929],VOL,69.4,0.38,12.82,3.39,0.66,0.03,2.28
[2929],RIFT VOLCANICS,EAST AFRICAN RIFT / ETHIOPIAN RIFT / MAIN ETHIOPIAN RIFT / BOSETI VOLCANIC COMPLEX,COMENDITIC RHYOLITE [2929],VOL,69.1,0.37,13.75,1.94,0.69,0.11,3.04
[2929],RIFT VOLCANICS,EAST AFRICAN RIFT / ETHIOPIAN RIFT / MAIN ETHIOPIAN RIFT / BOSETI VOLCANIC COMPLEX,COMENDITIC RHYOLITE [2929],VOL,69.33,0.38,13.88,2.02,0.76,0.08,3.11
[2929],RIFT VOLCANICS,EAST AFRICAN RIFT / ETHIOPIAN RIFT / MAIN ETHIOPIAN RIFT / BOSETI VOLCANIC COMPLEX,COMENDITIC RHYOLITE [2929],VOL,67.75,0.45,14.0,2.77,0.69,0.23,2.7
[2929],RIFT VOLCANICS,EAST AFRICAN RIFT / ETHIOPIAN RIFT / MAIN ETHIOPIAN RIFT / BOSETI VOLCANIC COMPLEX,COMENDITIC RHYOLITE [2929],VOL,68.35,0.46,13.62,2.02,0.77,0.14,3.71
[2929],RIFT VOLCANICS,EAST AFRICAN RIFT / ETHIOPIAN RIFT / MAIN ETHIOPIAN RIFT / BOSETI VOLCANIC COMPLEX,COMENDITIC RHYOLITE [2929],VOL,67.61,0.44,13.53,2.28,0.97,0.2,3.11
[2929],RIFT VOLCANICS,EAST AFRICAN RIFT / ETHIOPIAN RIFT / MAIN ETHIOPIAN RIFT / BOSETI VOLCANIC COMPLEX,COMENDITIC RHYOLITE [2929],VOL,67.8,0.41,13.84,4.2,0.91,0.28,0.91
[2929],RIFT VOLCANICS,EAST AFRICAN RIFT / ETHIOPIAN RIFT / MAIN ETHIOPIAN RIFT / BOSETI VOLCANIC COMPLEX,COMENDITIC RHYOLITE [2929],VOL,69.24,0.42,14.08,0.88,0.89,0.41,2.84
[2929],RIFT VOLCANICS,EAST AFRICAN RIFT / ETHIOPIAN RIFT / MAIN ETHIOPIAN RIFT / BOSETI VOLCANIC COMPLEX,COMENDITIC RHYOLITE [2929],VOL,69.2,0.35,14.0,1.9,0.52,0.11,2.65
[2929],RIFT VOLCANICS,EAST AFRICAN RIFT / ETHIOPIAN RIFT / MAIN ETHIOPIAN RIFT / BOSETI VOLCANIC COMPLEX,COMENDITIC RHYOLITE [2929],VOL,70.0,0.33,13.93,2.4,0.4,0.18,2.04
[2929],RIFT VOLCANICS,EAST AFRICAN RIFT / ETHIOPIAN RIFT / MAIN ETHIOPIAN RIFT / BOSETI VOLCANIC COMPLEX,COMENDITIC RHYOLITE [2929],VOL,69.97,0.34,13.9,0.99,0.42,0.15,2.98
[2929],RIFT VOLCANICS,EAST AFRICAN RIFT / ETHIOPIAN RIFT / MAIN ETHIOPIAN RIFT / BOSETI VOLCANIC COMPLEX,COMENDITIC RHYOLITE [2929],VOL,69.8,0.34,13.87,1.21,0.51,0.16,3.0
[2929],RIFT VOLCANICS,EAST AFRICAN RIFT / ETHIOPIAN RIFT / MAIN ETHIOPIAN RIFT / BOSETI VOLCANIC COMPLEX,COMENDITIC RHYOLITE [2929],VOL,69.75,0.33,13.79,0.95,0.49,0.08,3.19
[2929],RIFT VOLCANICS,EAST AFRICAN RIFT / ETHIOPIAN RIFT / MAIN ETHIOPIAN RIFT / BOSETI VOLCANIC COMPLEX,COMENDITIC RHYOLITE [2929],VOL,69.37,0.36,13.84,1.06,0.75,0.22,3.18
[2929],RIFT VOLCANICS,EAST AFRICAN RIFT / ETHIOPIAN RIFT / MAIN ETHIOPIAN RIFT / BOSETI VOLCANIC COMPLEX,COMENDITIC RHYOLITE [2929],VOL,69.6,0.3,13.39,1.55,0.51,0.09,2.77
[2929],RIFT VOLCANICS,EAST AFRICAN RIFT / ETHIOPIAN RIFT / MAIN ETHIOPIAN RIFT / BOSETI VOLCANIC COMPLEX,COMENDITIC RHYOLITE [2929],VOL,70.02,0.35,13.41,0.67,0.68,0.2,3.26
[2929],RIFT VOLCANICS,EAST AFRICAN RIFT / ETHIOPIAN RIFT / MAIN ETHIOPIAN RIFT / BOSETI VOLCANIC COMPLEX,COMENDITIC RHYOLITE [2929],VOL,69.23,0.36,14.59,1.6,0.71,0.15,2.59
[2929],RIFT VOLCANICS,EAST AFRICAN RIFT / ETHIOPIAN RIFT / MAIN ETHIOPIAN RIFT / BOSETI VOLCANIC COMPLEX,COMENDITIC RHYOLITE [2929],VOL,68.94,0.37,14.16,1.38,0.75,0.2,2.88
[2929],RIFT VOLCANICS,EAST AFRICAN RIFT / ETHIOPIAN RIFT / MAIN ETHIOPIAN RIFT / BOSETI VOLCANIC COMPLEX,COMENDITIC RHYOLITE [2929],VOL,68.52,0.36,14.13,0.48,0.68,0.16,3.55
[2929],RIFT VOLCANICS,EAST AFRICAN RIFT / ETHIOPIAN RIFT / MAIN ETHIOPIAN RIFT / BOSETI VOLCANIC COMPLEX,COMENDITIC RHYOLITE [2929],VOL,69.72,0.32,13.75,1.03,0.68,0.23,3.01
[2929],RIFT VOLCANICS,EAST AFRICAN RIFT / ETHIOPIAN RIFT / MAIN ETHIOPIAN RIFT / BOSETI VOLCANIC COMPLEX,COMENDITIC RHYOLITE [2929],VOL,69.63,0.36,13.7,1.37,0.62,0.2,2.67
[2929],RIFT VOLCANICS,EAST AFRICAN RIFT / ETHIOPIAN RIFT / MAIN ETHIOPIAN RIFT / BOSETI VOLCANIC COMPLEX,COMENDITIC RHYOLITE [2929],VOL,69.47,0.35,13.8,0.88,0.68,0.28,3.24
[2929],RIFT VOLCANICS,EAST AFRICAN RIFT / ETHIOPIAN RIFT / MAIN ETHIOPIAN RIFT / BOSETI VOLCANIC COMPLEX,COMENDITIC RHYOLITE [2929],VOL,69.82,0.4,13.54,1.17,0.71,0.18,3.03
[2929],RIFT VOLCANICS,EAST AFRICAN RIFT / ETHIOPIAN RIFT / MAIN ETHIOPIAN RIFT / BOSETI VOLCANIC COMPLEX,COMENDITIC RHYOLITE [2929],VOL,69.85,0.34,13.61,1.32,0.49,0.11,3.09
[2929],RIFT VOLCANICS,EAST AFRICAN RIFT / ETHIOPIAN RIFT / MAIN ETHIOPIAN RIFT / BOSETI VOLCANIC COMPLEX,COMENDITIC RHYOLITE [2929],VOL,69.96,0.33,13.26,0.8,0.63,0.25,3.22
[2929],RIFT VOLCANICS,EAST AFRICAN RIFT / ETHIOPIAN RIFT / MAIN ETHIOPIAN RIFT / BOSETI VOLCANIC COMPLEX,COMENDITIC RHYOLITE [2929],VOL,69.88,0.36,13.5,0.72,0.73,0.2,3.38
[2929],RIFT VOLCANICS,EAST AFRICAN RIFT / ETHIOPIAN RIFT / MAIN ETHIOPIAN RIFT / BOSETI VOLCANIC COMPLEX,COMENDITIC RHYOLITE [2929],VOL,69.42,0.36,13.49,1.55,0.65,0.1,3.32
[2929],RIFT VOLCANICS,EAST AFRICAN RIFT / ETHIOPIAN RIFT / MAIN ETHIOPIAN RIFT / BOSETI VOLCANIC COMPLEX,COMENDITIC RHYOLITE [2929],VOL,69.54,0.37,13.42,0.82,0.68,0.26,3.29
[2929],RIFT VOLCANICS,EAST AFRICAN RIFT / ETHIOPIAN RIFT / MAIN ETHIOPIAN RIFT / BOSETI VOLCANIC COMPLEX,COMENDITIC RHYOLITE [2929],VOL,69.53,0.36,13.3,0.95,0.7,0.27,3.18
[2929],RIFT VOLCANICS,EAST AFRICAN RIFT / ETHIOPIAN RIFT / MAIN ETHIOPIAN RIFT / BOSETI VOLCANIC COMPLEX,COMENDITIC RHYOLITE [2929],VOL,68.87,0.38,12.98,2.63,1.03,0.13,2.81
[2929],RIFT VOLCANICS,EAST AFRICAN RIFT / ETHIOPIAN RIFT / MAIN ETHIOPIAN RIFT / BOSETI VOLCANIC COMPLEX,COMENDITIC RHYOLITE [2929],VOL,66.62,0.45,13.78,3.49,1.18,0.11,2.3
[2929],RIFT VOLCANICS,EAST AFRICAN RIFT / ETHIOPIAN RIFT / MAIN ETHIOPIAN RIFT / BOSETI VOLCANIC COMPLEX,COMENDITIC RHYOLITE [2929],VOL,67.99,0.4,13.07,2.81,0.95,0.15,2.83
[2929],RIFT VOLCANICS,EAST AFRICAN RIFT / ETHIOPIAN RIFT / MAIN ETHIOPIAN RIFT / BOSETI VOLCANIC COMPLEX,COMENDITIC RHYOLITE [2929],VOL,68.34,0.39,13.21,3.64,0.83,0.06,2.0
[2929],RIFT VOLCANICS,EAST AFRICAN RIFT / ETHIOPIAN RIFT / MAIN ETHIOPIAN RIFT / BOSETI VOLCANIC COMPLEX,COMENDITIC RHYOLITE [2929],VOL,63.5,0.65,13.63,1.97,1.7,0.53,5.61
[2929],RIFT VOLCANICS,EAST AFRICAN RIFT / ETHIOPIAN RIFT / MAIN ETHIOPIAN RIFT / BOSETI VOLCANIC COMPLEX,COMENDITIC RHYOLITE [2929],VOL,64.53,0.58,13.39,3.7,1.29,0.07,3.98
[2929],RIFT VOLCANICS,EAST AFRICAN RIFT / ETHIOPIAN RIFT / MAIN ETHIOPIAN RIFT / BOSETI VOLCANIC COMPLEX,COMENDITIC RHYOLITE [2929],VOL,65.47,0.58,12.59,4.66,1.06,0.07,3.27
[2929],RIFT VOLCANICS,EAST AFRICAN RIFT / ETHIOPIAN RIFT / MAIN ETHIOPIAN RIFT / BOSETI VOLCANIC COMPLEX,COMENDITIC RHYOLITE [2929],VOL,66.21,0.55,12.12,7.57,0.8,0.03,0.87
[2929],RIFT VOLCANICS,EAST AFRICAN RIFT / ETHIOPIAN RIFT / MAIN ETHIOPIAN RIFT / BOSETI VOLCANIC COMPLEX,COMENDITIC RHYOLITE [2929],VOL,66.6,0.55,11.88,6.22,0.76,0.06,2.19
[2929],RIFT VOLCANICS,EAST AFRICAN RIFT / ETHIOPIAN RIFT / MAIN ETHIOPIAN RIFT / BOSETI VOLCANIC COMPLEX,COMENDITIC RHYOLITE [2929],VOL,65.82,0.58,12.69,1.32,1.04,0.01,6.1
[2929],RIFT VOLCANICS,EAST AFRICAN RIFT / ETHIOPIAN RIFT / MAIN ETHIOPIAN RIFT / BOSETI VOLCANIC COMPLEX,COMENDITIC RHYOLITE [2929],VOL,66.91,0.6,10.16,6.09,0.89,0.03,3.31
[2929],RIFT VOLCANICS,EAST AFRICAN RIFT / ETHIOPIAN RIFT / MAIN ETHIOPIAN RIFT / BOSETI VOLCANIC COMPLEX,COMENDITIC RHYOLITE [2929],VOL,69.58,0.27,9.28,2.72,0.42,0.04,4.58
[2929],RIFT VOLCANICS,EAST AFRICAN RIFT / ETHIOPIAN RIFT / MAIN ETHIOPIAN RIFT / BOSETI VOLCANIC COMPLEX,COMENDITIC RHYOLITE [2929],VOL,69.9,0.3,9.71,1.87,0.51,0.05,5.57
[2929],RIFT VOLCANICS,EAST AFRICAN RIFT / ETHIOPIAN RIFT / MAIN ETHIOPIAN RIFT / BOSETI VOLCANIC COMPLEX,COMENDITIC RHYOLITE [2929],VOL,70.59,0.29,9.53,2.17,0.47,0.01,5.27
[2929],RIFT VOLCANICS,EAST AFRICAN RIFT / ETHIOPIAN RIFT / MAIN ETHIOPIAN RIFT / BOSETI VOLCANIC COMPLEX,COMENDITIC RHYOLITE [2929],VOL,70.44,0.32,9.55,2.53,0.43,0.01,5.03
[2929],RIFT VOLCANICS,EAST AFRICAN RIFT / ETHIOPIAN RIFT / MAIN ETHIOPIAN RIFT / BOSETI VOLCANIC COMPLEX,COMENDITIC RHYOLITE [2929],VOL,70.73,0.31,9.47,2.41,0.42,0.01,5.03
[2929],RIFT VOLCANICS,EAST AFRICAN RIFT / ETHIOPIAN RIFT / MAIN ETHIOPIAN RIFT / BOSETI VOLCANIC COMPLEX,COMENDITIC RHYOLITE [2929],VOL,70.06,0.3,9.31,2.24,0.44,0.03,5.22
[2929],RIFT VOLCANICS,EAST AFRICAN RIFT / ETHIOPIAN RIFT / MAIN ETHIOPIAN RIFT / BOSETI VOLCANIC COMPLEX,COMENDITIC RHYOLITE [2929],VOL,68.55,0.4,9.33,3.23,0.58,0.05,5.57
[2929],RIFT VOLCANICS,EAST AFRICAN RIFT / ETHIOPIAN RIFT / MAIN ETHIOPIAN RIFT / BOSETI VOLCANIC COMPLEX,COMENDITIC RHYOLITE [2929],VOL,69.02,0.32,9.08,3.7,0.41,0.04,5.55
[2929],RIFT VOLCANICS,EAST AFRICAN RIFT / ETHIOPIAN RIFT / MAIN ETHIOPIAN RIFT / BOSETI VOLCANIC COMPLEX,COMENDITIC RHYOLITE [2929],VOL,70.05,0.27,9.1,2.55,0.4,0.04,4.98
[2929],RIFT VOLCANICS,EAST AFRICAN RIFT / ETHIOPIAN RIFT / MAIN ETHIOPIAN RIFT / BOSETI VOLCANIC COMPLEX,COMENDITIC RHYOLITE [2929],VOL,66.15,0.5,13.6,3.08,1.1,0.16,3.7
[2929],RIFT VOLCANICS,EAST AFRICAN RIFT / ETHIOPIAN RIFT / MAIN ETHIOPIAN RIFT / BOSETI VOLCANIC COMPLEX,COMENDITIC RHYOLITE [2929],VOL,65.1,0.58,13.57,2.99,1.61,0.07,5.1
[2929],RIFT VOLCANICS,EAST AFRICAN RIFT / ETHIOPIAN RIFT / MAIN ETHIOPIAN RIFT / BOSETI VOLCANIC COMPLEX,COMENDITIC RHYOLITE [2929],VOL,65.77,0.55,13.33,3.69,0.98,0.07,4.06
[2929],RIFT VOLCANICS,EAST AFRICAN RIFT / ETHIOPIAN RIFT / MAIN ETHIOPIAN RIFT / BOSETI VOLCANIC COMPLEX,COMENDITIC RHYOLITE [2929],VOL,66.02,0.53,13.19,3.21,0.87,0.11,4.3
[2929],RIFT VOLCANICS,EAST AFRICAN RIFT / ETHIOPIAN RIFT / MAIN ETHIOPIAN RIFT / BOSETI VOLCANIC COMPLEX,COMENDITIC RHYOLITE [2929],VOL,67.02,0.5,12.71,3.39,0.69,0.08,4.1
[2929],RIFT VOLCANICS,EAST AFRICAN RIFT / ETHIOPIAN RIFT / MAIN ETHIOPIAN RIFT / BOSETI VOLCANIC COMPLEX,COMENDITIC RHYOLITE [2929],VOL,69.06,0.35,13.9,0.93,0.68,0.21,3.15
[9650],INTRAPLATE VOLCANICS,AUSTRALIA / EASTERN AUSTRALIAN CENOZOIC VOLCANIC ZONE / NEW SOUTH WALES / TWEED,COMENDITIC RHYOLITE [9650],VOL,74.22,0.24,11.1,3.69,0.09,0.05,0.48
[9639],INTRAPLATE VOLCANICS,ARABIAN-NUBIAN SHIELD / YEMEN / ADEN REGION / LITTLE ADEN VOLCANO,COMENDITIC RHYOLITE [9639],VOL,71.08,0.15,12.99,3.62,0.58,0.0,0.71
[9639],INTRAPLATE VOLCANICS,ARABIAN-NUBIAN SHIELD / YEMEN / ADEN REGION / LITTLE ADEN VOLCANO,COMENDITIC RHYOLITE [9639],VOL,71.64,0.25,12.48,2.13,0.49,0.0,1.81
[9639],INTRAPLATE VOLCANICS,ARABIAN-NUBIAN SHIELD / YEMEN / ADEN REGION / LITTLE ADEN VOLCANO,COMENDITIC RHYOLITE [9639],VOL,71.64,0.09,12.51,2.16,0.36,0.0,2.11
[14051][13983],CONVERGENT MARGIN,OKHOTSK-CHUKOTKA ARC / CHUKOTKA ARC - MESOZOIC / EASTERN CHUKOTKA SECTOR / AMGUEMA-KANCHALAN VOLCANIC FIELD,COMENDITIC RHYOLITE [14051],VOL,74.96,0.28,10.6,2.75,0.48,0.04,1.35
[14051][13983],CONVERGENT MARGIN,OKHOTSK-CHUKOTKA ARC / CHUKOTKA ARC - MESOZOIC / EASTERN CHUKOTKA SECTOR / AMGUEMA-KANCHALAN VOLCANIC FIELD,COMENDITIC RHYOLITE [14051],VOL,76.18,0.23,10.57,2.78,0.37,0.04,0.61
[1044],OCEAN ISLAND,ICELAND / ICELAND / TORFAJÖKULL / EASTERN ICELAND RIFT ZONE,COMENDITIC RHYOLITE [1044],VOL,73.28,0.21,12.51,1.21,0.37,0.04,1.91
[9742],RIFT VOLCANICS,EAST AFRICAN RIFT / ETHIOPIAN RIFT / AFAR DEPRESSION / ERTA ALE,COMENDITIC RHYOLITE [9742],VOL,71.22,0.47,13.11,1.13,1.61,0.45,2.52
[9742],RIFT VOLCANICS,EAST AFRICAN RIFT / ETHIOPIAN RIFT / AFAR DEPRESSION / ERTA ALE,COMENDITIC RHYOLITE [9742],VOL,71.6,0.42,11.5,1.3,1.44,0.42,2.45
[10338],RIFT VOLCANICS,SICILY CHANNEL RIFT / PANTELLERIA,COMENDITIC RHYOLITE [10338],VOL,72.21,0.62,9.72,3.26,0.82,0.29,1.07
[10338],RIFT VOLCANICS,SICILY CHANNEL RIFT / PANTELLERIA,COMENDITIC RHYOLITE [10338],VOL,67.18,0.0,14.18,4.0,2.78,0.34,2.48
[10340],CONVERGENT MARGIN,LIGURIA-SARDO-TYRRHENIAN ARC / SARDINIA / SOUTHERN SARDINIA,COMENDITIC RHYOLITE [10340],VOL,75.36,0.16,11.44,2.3,0.07,0.13,0.76
[10340],CONVERGENT MARGIN,LIGURIA-SARDO-TYRRHENIAN ARC / SARDINIA / SOUTHERN SARDINIA,COMENDITIC RHYOLITE [10340],VOL,75.31,0.21,10.43,3.22,0.13,0.1,0.8
[10340],CONVERGENT MARGIN,LIGURIA-SARDO-TYRRHENIAN ARC / SARDINIA / SOUTHERN SARDINIA,COMENDITIC RHYOLITE [10340],VOL,75.01,0.21,10.53,3.06,0.1,0.1,1.14
[15358][15367],INTRAPLATE VOLCANICS,CENTRAL ASIAN FOLDBELT - MESOZOIC / TRANSBAIKALIA - MESOZOIC / WESTERN TRANSBAIKALIA / SARANKA (SARANSKII)VOLCANIC FIELD / TSAGAN-KHURTEI VOLCANIC SUITE,COMENDITIC RHYOLITE [15358],VOL,73.6,0.34,12.14,1.8,0.0,0.06,1.7
[10893],RIFT VOLCANICS,EAST AFRICAN RIFT / KENYA RIFT (EASTERN EAST AFRICAN RIFT) / NORTHERN KENYA RIFT / SILALI,COMENDITIC RHYOLITE [10893],VOL,66.9,0.64,13.0,8.58,0.33,0.18,0.22
[10893],RIFT VOLCANICS,EAST AFRICAN RIFT / KENYA RIFT (EASTERN EAST AFRICAN RIFT) / NORTHERN KENYA RIFT / SILALI,COMENDITIC RHYOLITE [10893],VOL,67.9,0.61,13.1,8.41,0.5,0.25,0.0
[11849],INTRAPLATE VOLCANICS,CENTRAL ASIAN FOLDBELT - CENOZOIC/QUATERNARY / CHINA - CENOZOIC/QUATERNARY / JILIN PROVINCE / CHANGBAISHAN (BAEKDUSAN/PAEKTSUAN)-BAITOUSHAN(P(A),COMENDITIC RHYOLITE [11849],VOL,72.9,0.23,9.98,0.03,0.33,0.24,4.13
[9826],INTRAPLATE VOLCANICS,ARABIAN-NUBIAN SHIELD / SAUDI ARABIA / HARRAT KHAYBAR / JABAL AL ABYAD VOLCANIC CHAIN,COMENDITIC RHYOLITE [9826],VOL,71.62,0.19,11.6,3.85,0.98,0.05,0.36
[13387],RIFT VOLCANICS,ANTARCTICA / WEST ANTARCTIC RIFT SYSTEM / VICTORIA LAND / MONTEAGLE IGNEOUS COMPLEX,COMENDITIC RHYOLITE [13387],VOL,69.28,0.08,15.43,1.32,0.86,0.28,0.63
[10315],RIFT VOLCANICS,ANTARCTICA / WEST ANTARCTIC RIFT SYSTEM / MARIE BYRD LAND / TONEY MOUNTAIN,COMENDITIC RHYOLITE [10315],VOL,72.26,0.16,12.54,1.87,0.27,0.09,1.7
[10315],RIFT VOLCANICS,ANTARCTICA / WEST ANTARCTIC RIFT SYSTEM / MARIE BYRD LAND / MOUNT CUMMING,COMENDITIC RHYOLITE [10315],VOL,69.0,0.25,12.8,4.1,0.52,0.02,0.04
[10315],RIFT VOLCANICS,ANTARCTICA / WEST ANTARCTIC RIFT SYSTEM / MARIE BYRD LAND / MOUNT WAESCHE,COMENDITIC RHYOLITE [10315],VOL,71.69,0.25,10.79,2.02,0.77,2.04,2.6
[10315],RIFT VOLCANICS,ANTARCTICA / WEST ANTARCTIC RIFT SYSTEM / MARIE BYRD LAND / MOUNT WAESCHE,COMENDITIC RHYOLITE [10315],VOL,72.8,0.18,10.62,2.38,0.22,0.11,1.38
[10039],CONVERGENT MARGIN,LIGURIA-SARDO-TYRRHENIAN ARC / SARDINIA / SOUTHERN SARDINIA / COMENDITI UNIT,COMENDITIC RHYOLITE [10039],VOL,72.1,0.32,11.8,4.39,0.2,0.22,0.36
[10039],CONVERGENT MARGIN,LIGURIA-SARDO-TYRRHENIAN ARC / SARDINIA / SOUTHERN SARDINIA / COMENDITI UNIT,COMENDITIC RHYOLITE [10039],VOL,72.29,0.35,12.11,3.75,0.23,0.4,0.65
[10039],CONVERGENT MARGIN,LIGURIA-SARDO-TYRRHENIAN ARC / SARDINIA / SOUTHERN SARDINIA / COMENDITI UNIT,COMENDITIC RHYOLITE [10039],VOL,71.67,0.34,12.23,3.86,0.27,0.34,0.79
[10039],CONVERGENT MARGIN,LIGURIA-SARDO-TYRRHENIAN ARC / SARDINIA / SOUTHERN SARDINIA / COMENDITI UNIT,COMENDITIC RHYOLITE [10039],VOL,72.0,0.34,11.99,4.0,0.23,0.32,0.66
[10039],CONVERGENT MARGIN,LIGURIA-SARDO-TYRRHENIAN ARC / SARDINIA / SOUTHERN SARDINIA / MONTE ULMUS UNIT,COMENDITIC RHYOLITE [10039],VOL,72.77,0.18,13.04,2.76,0.08,0.15,0.3
[10039],CONVERGENT MARGIN,LIGURIA-SARDO-TYRRHENIAN ARC / SARDINIA / SOUTHERN SARDINIA / MONTE ULMUS UNIT,COMENDITIC RHYOLITE [10039],VOL,72.91,0.28,12.98,2.85,0.16,0.17,0.07
[10039],CONVERGENT MARGIN,LIGURIA-SARDO-TYRRHENIAN ARC / SARDINIA / SOUTHERN SARDINIA / MONTE ULMUS UNIT,COMENDITIC RHYOLITE [10039],VOL,73.33,0.17,13.1,2.45,0.09,0.1,0.26
[10039],CONVERGENT MARGIN,LIGURIA-SARDO-TYRRHENIAN ARC / SARDINIA / SOUTHERN SARDINIA / MONTE ULMUS UNIT,COMENDITIC RHYOLITE [10039],VOL,74.1,0.23,11.66,3.15,0.14,0.23,0.47
[7585],CONVERGENT MARGIN,APENNINIC-MAGHREBIDES CHAIN / APENNINE / CAMPANIAN VOLCANIC PROVINCE / PONTINE ISLANDS - PONZA,COMENDITIC RHYOLITE [7585],VOL,70.48,0.15,12.58,4.88,0.27,0.08,0.27
[9237],INTRAPLATE VOLCANICS,ARABIAN-NUBIAN SHIELD / YEMEN / ADEN REGION / JEBEL UMM BIRKA,COMENDITIC RHYOLITE [9237],VOL,71.54,0.19,13.39,0.38,0.98,0.18,2.76
[9237],INTRAPLATE VOLCANICS,ARABIAN-NUBIAN SHIELD / YEMEN / ADEN REGION / JEBEL UMM BIRKA,COMENDITIC RHYOLITE [9237],VOL,73.28,0.35,11.52,2.64,1.07,0.23,1.77
[9234],RIFT VOLCANICS,EAST AFRICAN RIFT / ETHIOPIAN RIFT / AFAR DEPRESSION / ERTA ALE,COMENDITIC RHYOLITE [9234],VOL,68.42,0.46,12.88,1.07,2.19,0.67,3.83
[9234],RIFT VOLCANICS,EAST AFRICAN RIFT / ETHIOPIAN RIFT / AFAR DEPRESSION / ERTA ALE,COMENDITIC RHYOLITE [9234],VOL,66.78,0.76,12.68,0.6,2.19,0.51,5.25
[9234],RIFT VOLCANICS,EAST AFRICAN RIFT / ETHIOPIAN RIFT / AFAR DEPRESSION / BOINA FUMAROLE FIELD,COMENDITIC RHYOLITE [9234],VOL,69.04,0.24,12.99,1.27,0.67,0.24,2.69
[9234],RIFT VOLCANICS,EAST AFRICAN RIFT / ETHIOPIAN RIFT / AFAR DEPRESSION / BOINA FUMAROLE FIELD,COMENDITIC RHYOLITE [9234],VOL,71.18,0.31,12.77,1.27,0.71,0.0,2.52
[9234],RIFT VOLCANICS,EAST AFRICAN RIFT / ETHIOPIAN RIFT / AFAR DEPRESSION / MA ALALTA,COMENDITIC RHYOLITE [9234],VOL,70.05,0.2,12.38,1.71,0.71,0.21,2.55
[9234],RIFT VOLCANICS,EAST AFRICAN RIFT / ETHIOPIAN RIFT / AFAR DEPRESSION / BIDU VOLCANIC COMPLEX,COMENDITIC RHYOLITE [9234],VOL,72.08,0.15,11.11,1.75,0.36,0.12,1.86
[9234],RIFT VOLCANICS,EAST AFRICAN RIFT / ETHIOPIAN RIFT / AFAR DEPRESSION,COMENDITIC RHYOLITE [9234],VOL,70.86,0.61,12.74,2.55,0.39,0.36,0.14
[9234],RIFT VOLCANICS,EAST AFRICAN RIFT / ETHIOPIAN RIFT / AFAR DEPRESSION / GAD^ELU / STRATOID SERIES,COMENDITIC RHYOLITE [9234],VOL,73.96,0.18,12.73,0.44,0.67,0.2,1.29
[9234],RIFT VOLCANICS,EAST AFRICAN RIFT / ETHIOPIAN RIFT / AFAR DEPRESSION / GAD^ELU / STRATOID SERIES,COMENDITIC RHYOLITE [9234],VOL,75.7,0.16,11.8,0.56,0.44,0.2,1.01
[9234],RIFT VOLCANICS,EAST AFRICAN RIFT / ETHIOPIAN RIFT / AFAR DEPRESSION / GAD^ELU / STRATOID SERIES,COMENDITIC RHYOLITE [9234],VOL,74.09,0.07,12.28,0.95,0.72,0.24,0.93
[9234],RIFT VOLCANICS,EAST AFRICAN RIFT / ETHIOPIAN RIFT / AFAR DEPRESSION / GAD^ELU / STRATOID SERIES,COMENDITIC RHYOLITE [9234],VOL,73.89,0.13,11.87,1.03,0.89,0.32,1.07
[14051],CONVERGENT MARGIN,OKHOTSK-CHUKOTKA ARC / CHUKOTKA ARC - MESOZOIC / EASTERN CHUKOTKA SECTOR / AMGUEMA-KANCHALAN VOLCANIC FIELD,COMENDITIC RHYOLITE [14051],VOL,75.22,0.21,11.49,2.1,0.1,0.21,1.69
[14051],CONVERGENT MARGIN,OKHOTSK-CHUKOTKA ARC / CHUKOTKA ARC - MESOZOIC / EASTERN CHUKOTKA SECTOR / AMGUEMA-KANCHALAN VOLCANIC FIELD,COMENDITIC RHYOLITE [14051],VOL,75.42,0.13,11.34,2.33,0.08,0.18,1.04
[9235],INTRAPLATE VOLCANICS,AUSTRALIA / EASTERN AUSTRALIAN CENOZOIC VOLCANIC ZONE / NEW SOUTH WALES / NANDEWAR,COMENDITIC RHYOLITE [9235],VOL,72.7,0.13,13.2,2.6,0.09,0.08,0.54
[9235],INTRAPLATE VOLCANICS,AUSTRALIA / EASTERN AUSTRALIAN CENOZOIC VOLCANIC ZONE / NEW SOUTH WALES / NANDEWAR,COMENDITIC RHYOLITE [9235],VOL,72.99,0.26,13.44,1.51,0.17,0.06,0.28
[12599],RIFT VOLCANICS,RED SEA RIFT / SAUDI ARABIA / RED SEA COASTAL PLAIN,COMENDITIC RHYOLITE [12599],VOL,71.2,0.26,11.3,4.3,0.31,0.22,0.7
[15358],INTRAPLATE VOLCANICS,CENTRAL ASIAN FOLDBELT - MESOZOIC / TRANSBAIKALIA - MESOZOIC / WESTERN TRANSBAIKALIA / SARANKA (SARANSKII)VOLCANIC FIELD / TSAGAN-KHURTEI VOLCANIC SUITE,COMENDITIC RHYOLITE [15358],VOL,72.99,0.31,10.4,1.85,0.28,0.2,3.78
[17347],INTRAPLATE VOLCANICS,CENTRAL ASIAN FOLDBELT - MESOZOIC / TRANSBAIKALIA - MESOZOIC / WESTERN TRANSBAIKALIA / MALO-KHAMARDABAN VOLCANIC SUITE,COMENDITIC RHYOLITE [17347],VOL,72.3,0.13,13.52,1.44,0.43,0.09,1.25
[17347],INTRAPLATE VOLCANICS,CENTRAL ASIAN FOLDBELT - MESOZOIC / TRANSBAIKALIA - MESOZOIC / WESTERN TRANSBAIKALIA / MALO-KHAMARDABAN VOLCANIC SUITE,COMENDITIC RHYOLITE [17347],VOL,73.0,0.12,13.25,1.71,1.12,0.12,1.18
[17347],INTRAPLATE VOLCANICS,CENTRAL ASIAN FOLDBELT - MESOZOIC / TRANSBAIKALIA - MESOZOIC / WESTERN TRANSBAIKALIA / MALO-KHAMARDABAN VOLCANIC SUITE,COMENDITIC RHYOLITE [17347],VOL,73.0,0.12,13.25,1.71,1.12,0.12,1.18
[17347],INTRAPLATE VOLCANICS,CENTRAL ASIAN FOLDBELT - MESOZOIC / TRANSBAIKALIA - MESOZOIC / WESTERN TRANSBAIKALIA / MALO-KHAMARDABAN VOLCANIC SUITE,COMENDITIC RHYOLITE [17347],VOL,72.66,0.3,14.14,2.12,0.39,0.24,0.65
[17347],INTRAPLATE VOLCANICS,CENTRAL ASIAN FOLDBELT - MESOZOIC / TRANSBAIKALIA - MESOZOIC / WESTERN TRANSBAIKALIA / MALO-KHAMARDABAN VOLCANIC SUITE,COMENDITIC RHYOLITE [17347],VOL,72.66,0.3,14.14,2.12,0.39,0.24,0.65
[709][735],OCEAN ISLAND,AZORES / TERCEIRA / SANTA BARBARA,COMENDITIC RHYOLITE [709] / TRACHYTE [735],VOL,67.6,0.4,14.69,1.7,0.68,0.11,3.29
[14153],RIFT VOLCANICS,SICILY CHANNEL RIFT / PANTELLERIA,COMENDITIC RHYOLITE [14153],VOL,67.86,0.53,10.97,6.41,0.53,0.18,1.0
[14009],RIFT VOLCANICS,SICILY CHANNEL RIFT / PANTELLERIA,COMENDITIC RHYOLITE [14009],VOL,72.21,0.62,9.72,3.26,0.82,0.29,1.07
[15347],CONTINENTAL FLOOD BASALT,HIGH ARCTIC LARGE IGNEOUS PROVINCE / NORTH GREENLAND / KAP WASHINGTON GROUP,COMENDITIC RHYOLITE [15347],VOL,68.38,0.39,14.95,2.3,0.21,0.44,2.1
[15347],CONTINENTAL FLOOD BASALT,HIGH ARCTIC LARGE IGNEOUS PROVINCE / NORTH GREENLAND / KAP WASHINGTON GROUP,COMENDITIC RHYOLITE [15347],VOL,65.65,0.39,15.04,2.36,0.76,0.51,2.4
[15347],CONTINENTAL FLOOD BASALT,HIGH ARCTIC LARGE IGNEOUS PROVINCE / NORTH GREENLAND / KAP WASHINGTON GROUP,COMENDITIC RHYOLITE [15347],VOL,76.18,0.4,10.32,3.75,0.0,0.16,1.33
[15347],CONTINENTAL FLOOD BASALT,HIGH ARCTIC LARGE IGNEOUS PROVINCE / NORTH GREENLAND / KAP WASHINGTON GROUP,COMENDITIC RHYOLITE [15347],VOL,74.7,0.41,10.33,4.93,0.0,0.04,1.69
[15347],CONTINENTAL FLOOD BASALT,HIGH ARCTIC LARGE IGNEOUS PROVINCE / NORTH GREENLAND / KAP WASHINGTON GROUP,COMENDITIC RHYOLITE [15347],VOL,73.16,0.39,9.83,4.44,0.04,0.44,1.45
[5431][6436],CONVERGENT MARGIN,BISMARCK ARC - NEW BRITAIN ARC / BISMARCK ARC - NEW BRITAIN ARC / D^ENTRECASTEAUX ISLANDS,COMENDITIC RHYOLITE [5431],VOL,70.73,0.26,12.97,1.24,0.37,0.19,2.3
[651][656],OCEAN ISLAND,AZORES / TERCEIRA / GUILHERME MONIZ / SYNCALDERA STAGE,COMENDITIC RHYOLITE [651] / TRANSITIONAL BASALT [656],VOL,46.28,1.84,16.04,3.09,9.48,8.75,6.62
[656][1277][1190],OCEAN ISLAND,AZORES / TERCEIRA / SANTA BARBARA / POST-CALDERA STAGE,TRANSITIONAL BASALT [656] / TRACHYTE [1277] / COMENDITIC RHYOLITE [1190],VOL,47.69,2.55,14.49,4.08,9.85,6.43,9.13
[13393],INTRAPLATE VOLCANICS,ATLAS MOUNTAINS / ATLAS MOUNTAINS / ANTI-ATLAS / SIRWA,COMENDITIC RHYOLITE [13393],VOL,71.25,0.23,11.81,2.74,0.08,0.1,0.33
[4425],CONVERGENT MARGIN,HONSHU ARC / SOUTHWESTERN HONSHU ARC / DOGO ISLAND/OKI ISLANDS,"COMENDITIC RHYOLITE, ANORTHOCLASE-QUARTZ [4425]",VOL,72.21,0.44,11.2,2.25,0.27,0.08,2.66
[4425],CONVERGENT MARGIN,HONSHU ARC / SOUTHWESTERN HONSHU ARC / DOGO ISLAND/OKI ISLANDS,COMENDITIC RHYOLITE [4425],VOL,72.73,0.24,9.57,3.86,0.07,0.26,3.24
[4425],CONVERGENT MARGIN,HONSHU ARC / SOUTHWESTERN HONSHU ARC / DOGO ISLAND/OKI ISLANDS,"COMENDITIC RHYOLITE, ANORTHOCLASE-QUARTZ [4425]",VOL,73.14,0.4,12.28,1.91,0.19,0.04,2.2
[19629],INTRAPLATE VOLCANICS,ANATOLIA-IRAN BELT / TURKEY / EASTERN ANATOLIAN VOLCANIC BELT / NEMRUT,COMENDITIC RHYOLITE [19629],VOL,72.84,0.25,11.29,2.29,0.36,0.06,2.27
[19629],INTRAPLATE VOLCANICS,ANATOLIA-IRAN BELT / TURKEY / EASTERN ANATOLIAN VOLCANIC BELT / NEMRUT,COMENDITIC RHYOLITE [19629],VOL,73.81,0.14,12.37,1.08,0.47,0.06,1.33
[19629],INTRAPLATE VOLCANICS,ANATOLIA-IRAN BELT / TURKEY / EASTERN ANATOLIAN VOLCANIC BELT / NEMRUT,COMENDITIC RHYOLITE [19629],VOL,74.11,0.25,11.27,1.26,0.71,0.28,1.64
[473],OCEAN ISLAND,ASCENSION / ASCENSION,COMENDITIC RHYOLITE [473],VOL,70.61,0.14,13.22,0.95,0.43,0.11,1.38
[20243],CONVERGENT MARGIN,SIKHOTE-ALIN-SAKHALIN ARC / SIKHOTE ALIN ARC / SIKHOTE-ALIN BELT - CRETACEOUS-PALEOGENE / BURELOMNYI,SUBALKALI BASALT [20243],VOL,46.9,1.92,16.02,7.18,7.37,7.71,4.05
[14035],CONVERGENT MARGIN,LIGURIA-SARDO-TYRRHENIAN ARC / SARDINIA / NORTHERN SARDINIA / MONTIFERRO,SUBALKALI BASALT [14035],VOL,53.24,1.83,15.95,1.55,7.54,6.11,2.26
[22232],INTRAPLATE VOLCANICS,CENTRAL ASIAN FOLDBELT - PALEOZOIC / CHINA - PALEOZOIC / QINGHAI PROVINCE / LAJISHAN COMPLEX,SUBALKALI BASALT [22232],VOL,51.26,2.53,16.09,3.59,5.54,7.08,8.89
[22232],INTRAPLATE VOLCANICS,CENTRAL ASIAN FOLDBELT - PALEOZOIC / CHINA - PALEOZOIC / QINGHAI PROVINCE / LAJISHAN COMPLEX,SUBALKALI BASALT [22232],VOL,51.28,2.74,15.8,2.96,4.81,7.44,10.65
[22232],INTRAPLATE VOLCANICS,CENTRAL ASIAN FOLDBELT - PALEOZOIC / CHINA - PALEOZOIC / QINGHAI PROVINCE / LAJISHAN COMPLEX,SUBALKALI BASALT [22232],VOL,52.37,1.59,17.21,1.56,7.64,6.11,6.78
[22232],INTRAPLATE VOLCANICS,CENTRAL ASIAN FOLDBELT - PALEOZOIC / CHINA - PALEOZOIC / QINGHAI PROVINCE / LAJISHAN COMPLEX,SUBALKALI BASALT [22232],VOL,53.04,2.48,16.26,2.55,4.86,6.76,8.62
[22232],INTRAPLATE VOLCANICS,CENTRAL ASIAN FOLDBELT - PALEOZOIC / CHINA - PALEOZOIC / QINGHAI PROVINCE / LAJISHAN COMPLEX,SUBALKALI BASALT [22232],VOL,49.85,1.47,16.62,4.22,11.44,6.98,5.51
[22232],INTRAPLATE VOLCANICS,CENTRAL ASIAN FOLDBELT - PALEOZOIC / CHINA - PALEOZOIC / QINGHAI PROVINCE / LAJISHAN COMPLEX,SUBALKALI BASALT [22232],VOL,48.51,2.01,15.94,5.41,11.69,6.66,6.11
[22232],INTRAPLATE VOLCANICS,CENTRAL ASIAN FOLDBELT - PALEOZOIC / CHINA - PALEOZOIC / QINGHAI PROVINCE / LAJISHAN COMPLEX,SUBALKALI BASALT [22232],VOL,51.11,1.22,14.9,4.69,8.28,8.17,7.11
[22232],INTRAPLATE VOLCANICS,CENTRAL ASIAN FOLDBELT - PALEOZOIC / CHINA - PALEOZOIC / QINGHAI PROVINCE / LAJISHAN COMPLEX,SUBALKALI BASALT [22232],VOL,51.63,1.19,14.4,4.08,8.13,8.35,7.5
[22232],INTRAPLATE VOLCANICS,CENTRAL ASIAN FOLDBELT - PALEOZOIC / CHINA - PALEOZOIC / QINGHAI PROVINCE / LAJISHAN COMPLEX,SUBALKALI BASALT [22232],VOL,51.43,1.43,17.08,3.39,11.95,4.87,4.92
[22232],INTRAPLATE VOLCANICS,CENTRAL ASIAN FOLDBELT - PALEOZOIC / CHINA - PALEOZOIC / QINGHAI PROVINCE / LAJISHAN COMPLEX,SUBALKALI BASALT [22232],VOL,51.52,1.38,17.36,2.88,9.93,6.37,5.39
[22232],INTRAPLATE VOLCANICS,CENTRAL ASIAN FOLDBELT - PALEOZOIC / CHINA - PALEOZOIC / QINGHAI PROVINCE / LAJISHAN COMPLEX,SUBALKALI BASALT [22232],VOL,51.45,1.42,17.56,2.79,9.81,6.56,5.49
[22232],INTRAPLATE VOLCANICS,CENTRAL ASIAN FOLDBELT - PALEOZOIC / CHINA - PALEOZOIC / QINGHAI PROVINCE / LAJISHAN COMPLEX,SUBALKALI BASALT [22232],VOL,50.2,3.65,13.79,5.56,8.15,4.5,9.9
[22232],INTRAPLATE VOLCANICS,CENTRAL ASIAN FOLDBELT - PALEOZOIC / CHINA - PALEOZOIC / QINGHAI PROVINCE / LAJISHAN COMPLEX,SUBALKALI BASALT [22232],VOL,50.47,3.57,13.73,4.94,8.38,4.42,10.3
[22232],INTRAPLATE VOLCANICS,CENTRAL ASIAN FOLDBELT - PALEOZOIC / CHINA - PALEOZOIC / QINGHAI PROVINCE / LAJISHAN COMPLEX,SUBALKALI BASALT [22232],VOL,51.41,3.5,13.46,4.78,6.91,4.81,10.45
[3317],CONVERGENT MARGIN,KAMCHATKA ARC / KAMCHATKA ARC / SOUTHERN KAMCHATKA SEGMENT / GORELY,SUBALKALI BASALT [3317],VOL,52.52,1.24,17.2,2.22,7.65,5.24,6.86
[3317],CONVERGENT MARGIN,KAMCHATKA ARC / KAMCHATKA ARC / SOUTHERN KAMCHATKA SEGMENT / YAVINSKII,SUBALKALI BASALT [3317],VOL,50.66,0.87,21.19,3.95,9.16,2.61,3.86
[3317],CONVERGENT MARGIN,KAMCHATKA ARC / KAMCHATKA ARC / CENTRAL KAMCHATKA SEGMENT / SHAPOCHKA,SUBALKALI BASALT [3317],VOL,51.72,1.49,18.88,4.04,8.29,4.1,4.73
[3317],CONVERGENT MARGIN,KAMCHATKA ARC / KAMCHATKA ARC / CENTRAL KAMCHATKA SEGMENT / BOLSHAYA KETEPANA,SUBALKALI BASALT [3317],VOL,49.03,0.78,18.45,4.06,9.07,5.89,6.26
[3317],CONVERGENT MARGIN,KAMCHATKA ARC / KAMCHATKA ARC / CENTRAL KAMCHATKA SEGMENT / UKSICHAN,SUBALKALI BASALT [3317],VOL,49.78,0.32,20.77,3.93,10.47,3.46,4.32
[3317],CONVERGENT MARGIN,KAMCHATKA ARC / KAMCHATKA ARC / CENTRAL KAMCHATKA SEGMENT / KRAINII,SUBALKALI BASALT [3317],VOL,52.05,0.98,19.3,2.82,8.78,3.83,6.82
[3317],CONVERGENT MARGIN,KAMCHATKA ARC / KAMCHATKA ARC / CENTRAL KAMCHATKA SEGMENT / SHIVELUCH (SHEVELUCH),SUBALKALI BASALT [3317],VOL,51.18,0.72,13.67,3.2,8.36,12.08,5.55
[3317],CONVERGENT MARGIN,KAMCHATKA ARC / KAMCHATKA ARC / CENTRAL KAMCHATKA SEGMENT / KHARCHINSKY,SUBALKALI BASALT [3317],VOL,52.17,0.8,14.16,5.06,8.36,8.82,2.47
[3317],CONVERGENT MARGIN,KAMCHATKA ARC / KAMCHATKA BACK ARC / SREDINNY RIDGE / ICHINSKY(ICHINSKII),SUBALKALI BASALT [3317],VOL,49.57,1.12,17.53,6.31,8.11,5.79,3.89
[3317],CONVERGENT MARGIN,KAMCHATKA ARC / KAMCHATKA ARC / CENTRAL KAMCHATKA SEGMENT,SUBALKALI BASALT [3317],VOL,50.9,1.48,16.9,3.25,8.57,6.05,6.62
[1303],OCEAN ISLAND,COMOROS / MAYOTTE (MAHORE) / DIFFERENTIATED STAGE,SUBALKALI BASALT [1303],VOL,44.75,3.04,14.59,1.62,8.86,6.47,10.82
[9194][8084],RIFT VOLCANICS,EAST AFRICAN RIFT / KENYA RIFT (EASTERN EAST AFRICAN RIFT) / SOUTHERN KENYA RIFT / CHYULU HILLS VOLCANIC FIELD / SOUTHERN CHYULU HILLS LAVAS - MZIMA TYPE,SUBALKALI BASALT [9194],VOL,50.0,1.67,12.23,1.93,10.15,10.6,9.64
[8382][1337],OCEAN ISLAND,MASCARENE ISLANDS INCL. REUNION / MAURITIUS / YOUNG SERIES,"SUBALKALI BASALT [8382] / ALKALI BASALT, OLIVINE [1337]",VOL,45.18,1.94,14.55,3.03,11.07,10.44,9.36
[8382],OCEAN ISLAND,MASCARENE ISLANDS INCL. REUNION / MAURITIUS / SHIELD STAGE / OLDER SERIES,SUBALKALI BASALT [8382],VOL,47.31,2.66,13.55,1.55,9.87,9.73,10.45
[8382],OCEAN ISLAND,MASCARENE ISLANDS INCL. REUNION / MAURITIUS / SHIELD STAGE / OLDER SERIES,SUBALKALI BASALT [8382],VOL,47.31,2.66,13.03,4.25,9.61,9.6,7.83
[12012][11939],INTRAPLATE VOLCANICS,CENTRAL ASIAN FOLDBELT - CENOZOIC/QUATERNARY / CHINA - CENOZOIC/QUATERNARY / SHANDONG PROVINCE,SUBALKALI BASALT [12012],VOL,46.6,2.82,13.5,2.95,10.9,9.13,6.71
[10315][17506][20453],RIFT VOLCANICS,ANTARCTICA / WEST ANTARCTIC RIFT SYSTEM / MARIE BYRD LAND / MOUNT MURPHY,BASALT [10315] / SUBALKALI BASALT [20453],VOL,45.08,4.16,13.69,4.43,10.53,5.36,10.64
[15746][20453][7623],RIFT VOLCANICS,ANTARCTICA / WEST ANTARCTIC RIFT SYSTEM / MARIE BYRD LAND / MOUNT SIPLE,HAWAIITE [15746] / SUBALKALI BASALT [20453] / NOT GIVEN [7623],VOL,45.46,3.21,15.15,1.28,8.42,6.34,11.67
[11486][1971][9445],CONTINENTAL FLOOD BASALT,DECCAN / NORTHERN DECCAN,SUBALKALI BASALT [11486] / BASALT [1971],VOL,46.2,2.49,13.45,1.95,9.94,13.16,9.74
[11486][1971],CONTINENTAL FLOOD BASALT,DECCAN / NORTHERN DECCAN,SUBALKALI BASALT [11486] / BASALT [1971],VOL,48.75,2.9,16.49,1.92,9.3,6.38,9.63
[11486][1971],CONTINENTAL FLOOD BASALT,DECCAN / NORTHERN DECCAN,SUBALKALI BASALT [11486] / BASALT [1971],VOL,50.77,3.1,13.96,2.06,9.88,5.78,10.3
[8618],INTRAPLATE VOLCANICS,EUROPEAN OROGENIC BELT - CENOZOIC/QUATERNARY / GERMANY / RHÖN,SUBALKALI BASALT [8618],VOL,52.15,2.08,14.43,1.79,7.51,6.34,8.95
[8618],INTRAPLATE VOLCANICS,EUROPEAN OROGENIC BELT - CENOZOIC/QUATERNARY / GERMANY / RHÖN,SUBALKALI BASALT [8618],VOL,50.95,1.96,14.42,2.59,8.68,7.16,8.38
[8618],INTRAPLATE VOLCANICS,EUROPEAN OROGENIC BELT - CENOZOIC/QUATERNARY / GERMANY / RHÖN,SUBALKALI BASALT [8618],VOL,51.5,1.93,14.62,2.07,9.31,6.9,8.48
[8618],INTRAPLATE VOLCANICS,EUROPEAN OROGENIC BELT - CENOZOIC/QUATERNARY / GERMANY / RHÖN,SUBALKALI BASALT [8618],VOL,48.71,2.04,13.73,3.84,9.59,8.81,7.13
[29385],INTRAPLATE VOLCANICS,CENTRAL ASIAN FOLDBELT - CENOZOIC/QUATERNARY / VIETNAM - CENOZOIC/QUATERNARY,SUBALKALI BASALT [29385],VOL,50.83,1.89,15.02,1.77,8.69,6.28,10.03
[29385],INTRAPLATE VOLCANICS,CENTRAL ASIAN FOLDBELT - CENOZOIC/QUATERNARY / VIETNAM - CENOZOIC/QUATERNARY,SUBALKALI BASALT [29385],VOL,50.64,1.85,15.28,1.74,8.6,6.1,9.89
[29385],INTRAPLATE VOLCANICS,CENTRAL ASIAN FOLDBELT - CENOZOIC/QUATERNARY / VIETNAM - CENOZOIC/QUATERNARY,SUBALKALI BASALT [29385],VOL,50.52,1.8,15.05,1.77,8.64,6.3,10.0
[29385],INTRAPLATE VOLCANICS,CENTRAL ASIAN FOLDBELT - CENOZOIC/QUATERNARY / VIETNAM - CENOZOIC/QUATERNARY,SUBALKALI BASALT [29385],VOL,50.19,1.89,15.33,1.77,8.09,6.45,10.03
[29385],INTRAPLATE VOLCANICS,CENTRAL ASIAN FOLDBELT - CENOZOIC/QUATERNARY / VIETNAM - CENOZOIC/QUATERNARY,SUBALKALI BASALT [29385],VOL,53.05,1.38,14.58,1.62,7.82,6.9,9.18
[29385],INTRAPLATE VOLCANICS,CENTRAL ASIAN FOLDBELT - CENOZOIC/QUATERNARY / VIETNAM - CENOZOIC/QUATERNARY,SUBALKALI BASALT [29385],VOL,51.66,1.79,14.21,1.72,8.79,6.84,9.75
[29385],INTRAPLATE VOLCANICS,CENTRAL ASIAN FOLDBELT - CENOZOIC/QUATERNARY / VIETNAM - CENOZOIC/QUATERNARY,SUBALKALI BASALT [29385],VOL,50.92,1.81,14.26,1.74,8.97,7.18,9.86
[29385],INTRAPLATE VOLCANICS,CENTRAL ASIAN FOLDBELT - CENOZOIC/QUATERNARY / VIETNAM - CENOZOIC/QUATERNARY,SUBALKALI BASALT [29385],VOL,54.49,1.58,14.22,1.57,6.82,6.39,8.88
[29385],INTRAPLATE VOLCANICS,CENTRAL ASIAN FOLDBELT - CENOZOIC/QUATERNARY / VIETNAM - CENOZOIC/QUATERNARY,SUBALKALI BASALT [29385],VOL,52.87,1.71,14.52,1.55,8.4,6.23,8.76
[29385],INTRAPLATE VOLCANICS,CENTRAL ASIAN FOLDBELT - CENOZOIC/QUATERNARY / VIETNAM - CENOZOIC/QUATERNARY,SUBALKALI BASALT [29385],VOL,52.94,1.73,14.35,1.56,8.2,6.28,8.86
[29385],INTRAPLATE VOLCANICS,CENTRAL ASIAN FOLDBELT - CENOZOIC/QUATERNARY / VIETNAM - CENOZOIC/QUATERNARY,SUBALKALI BASALT [29385],VOL,52.74,1.72,14.17,1.6,8.27,6.67,9.06
[29385],INTRAPLATE VOLCANICS,CENTRAL ASIAN FOLDBELT - CENOZOIC/QUATERNARY / VIETNAM - CENOZOIC/QUATERNARY,SUBALKALI BASALT [29385],VOL,49.85,1.81,13.53,1.64,8.57,7.67,9.3
[29385],INTRAPLATE VOLCANICS,CENTRAL ASIAN FOLDBELT - CENOZOIC/QUATERNARY / VIETNAM - CENOZOIC/QUATERNARY,SUBALKALI BASALT [29385],VOL,51.05,1.91,13.95,1.61,8.7,7.59,9.13
[29385],INTRAPLATE VOLCANICS,CENTRAL ASIAN FOLDBELT - CENOZOIC/QUATERNARY / VIETNAM - CENOZOIC/QUATERNARY,SUBALKALI BASALT [29385],VOL,51.02,1.92,13.99,1.6,8.74,7.65,9.04
[29385],INTRAPLATE VOLCANICS,CENTRAL ASIAN FOLDBELT - CENOZOIC/QUATERNARY / VIETNAM - CENOZOIC/QUATERNARY,SUBALKALI BASALT [29385],VOL,51.42,1.92,14.11,1.56,8.78,7.42,8.81
[29385],INTRAPLATE VOLCANICS,CENTRAL ASIAN FOLDBELT - CENOZOIC/QUATERNARY / VIETNAM - CENOZOIC/QUATERNARY,SUBALKALI BASALT [29385],VOL,50.29,1.35,14.56,1.56,8.81,6.53,8.84
[29385],INTRAPLATE VOLCANICS,CENTRAL ASIAN FOLDBELT - CENOZOIC/QUATERNARY / VIETNAM - CENOZOIC/QUATERNARY,SUBALKALI BASALT [29385],VOL,51.79,1.71,14.07,1.56,8.02,6.84,8.82
[29385],INTRAPLATE VOLCANICS,CENTRAL ASIAN FOLDBELT - CENOZOIC/QUATERNARY / VIETNAM - CENOZOIC/QUATERNARY,SUBALKALI BASALT [29385],VOL,50.52,1.7,13.5,1.58,8.46,7.69,8.94
[29385],INTRAPLATE VOLCANICS,CENTRAL ASIAN FOLDBELT - CENOZOIC/QUATERNARY / VIETNAM - CENOZOIC/QUATERNARY,SUBALKALI BASALT [29385],VOL,52.91,1.4,15.1,1.08,9.0,6.97,8.21
[11486],CONTINENTAL FLOOD BASALT,DECCAN / NORTHERN DECCAN,SUBALKALI BASALT [11486],VOL,50.2,2.67,16.66,1.9,9.16,4.47,9.48
[11486],CONTINENTAL FLOOD BASALT,DECCAN / NORTHERN DECCAN,SUBALKALI BASALT [11486],VOL,48.91,2.96,17.02,2.05,9.38,4.18,10.26
[11486],CONTINENTAL FLOOD BASALT,DECCAN / NORTHERN DECCAN,SUBALKALI BASALT [11486],VOL,49.23,2.83,16.97,1.91,9.55,4.46,9.56
[11486],CONTINENTAL FLOOD BASALT,DECCAN / NORTHERN DECCAN,SUBALKALI BASALT [11486],VOL,49.81,3.19,14.3,2.2,9.28,5.44,10.98
[11486],CONTINENTAL FLOOD BASALT,DECCAN / NORTHERN DECCAN,SUBALKALI BASALT [11486],VOL,47.57,2.43,13.78,1.98,12.67,8.54,9.89
[11486],CONTINENTAL FLOOD BASALT,DECCAN / NORTHERN DECCAN,SUBALKALI BASALT [11486],VOL,50.74,2.67,15.06,1.85,10.39,5.62,9.23
[11486],CONTINENTAL FLOOD BASALT,DECCAN / NORTHERN DECCAN,SUBALKALI BASALT [11486],VOL,48.73,2.56,16.04,1.96,10.48,6.19,9.82
[11486],CONTINENTAL FLOOD BASALT,DECCAN / NORTHERN DECCAN,SUBALKALI BASALT [11486],VOL,51.12,2.74,14.57,1.94,9.79,5.81,9.7
[11486],CONTINENTAL FLOOD BASALT,DECCAN / NORTHERN DECCAN,SUBALKALI BASALT [11486],VOL,46.35,3.53,17.75,2.23,11.45,4.1,11.17
[11486],CONTINENTAL FLOOD BASALT,DECCAN / NORTHERN DECCAN,SUBALKALI BASALT [11486],VOL,51.84,2.9,14.45,2.03,10.17,3.15,10.14
[11486],CONTINENTAL FLOOD BASALT,DECCAN / NORTHERN DECCAN,SUBALKALI BASALT [11486],VOL,48.94,2.93,17.12,1.8,12.02,4.03,9.02
[11486],CONTINENTAL FLOOD BASALT,DECCAN / NORTHERN DECCAN,SUBALKALI BASALT [11486],VOL,48.2,3.37,14.82,2.13,10.67,6.04,10.66
[11486],CONTINENTAL FLOOD BASALT,DECCAN / NORTHERN DECCAN,SUBALKALI BASALT [11486],VOL,48.0,2.91,15.49,1.94,11.1,6.35,9.68
[12012],INTRAPLATE VOLCANICS,CENTRAL ASIAN FOLDBELT - CENOZOIC/QUATERNARY / CHINA - CENOZOIC/QUATERNARY / JILIN PROVINCE,SUBALKALI BASALT [12012],VOL,53.0,2.94,14.5,3.61,7.66,4.76,4.79
[12012],INTRAPLATE VOLCANICS,CENTRAL ASIAN FOLDBELT - CENOZOIC/QUATERNARY / CHINA - CENOZOIC/QUATERNARY / JILIN PROVINCE,SUBALKALI BASALT [12012],VOL,51.4,1.98,14.0,1.9,8.79,7.13,8.56
[12012],INTRAPLATE VOLCANICS,CENTRAL ASIAN FOLDBELT - CENOZOIC/QUATERNARY / CHINA - CENOZOIC/QUATERNARY / JILIN PROVINCE,SUBALKALI BASALT [12012],VOL,50.5,1.39,15.9,2.69,9.57,6.37,7.4
[12012],INTRAPLATE VOLCANICS,CENTRAL ASIAN FOLDBELT - CENOZOIC/QUATERNARY / CHINA - CENOZOIC/QUATERNARY / JILIN PROVINCE,SUBALKALI BASALT [12012],VOL,47.1,2.61,11.4,3.82,9.16,7.79,5.33
[12012],INTRAPLATE VOLCANICS,CENTRAL ASIAN FOLDBELT - CENOZOIC/QUATERNARY / CHINA - CENOZOIC/QUATERNARY / SHANDONG PROVINCE,SUBALKALI BASALT [12012],VOL,48.4,2.33,14.1,3.75,9.49,8.47,6.8
[12012],INTRAPLATE VOLCANICS,CENTRAL ASIAN FOLDBELT - CENOZOIC/QUATERNARY / CHINA - CENOZOIC/QUATERNARY / ANHUI PROVINCE,SUBALKALI BASALT [12012],VOL,49.8,3.02,11.6,3.41,11.2,7.46,5.22
[12012],INTRAPLATE VOLCANICS,CENTRAL ASIAN FOLDBELT - CENOZOIC/QUATERNARY / CHINA - CENOZOIC/QUATERNARY / ANHUI PROVINCE,SUBALKALI BASALT [12012],VOL,50.5,2.12,13.2,1.4,10.8,8.64,7.14
[12012],INTRAPLATE VOLCANICS,CENTRAL ASIAN FOLDBELT - CENOZOIC/QUATERNARY / CHINA - CENOZOIC/QUATERNARY / ZHEJIANG PROVINCE,SUBALKALI BASALT [12012],VOL,53.5,3.05,9.83,2.77,11.9,5.98,4.73
[12012],INTRAPLATE VOLCANICS,CENTRAL ASIAN FOLDBELT - CENOZOIC/QUATERNARY / CHINA - CENOZOIC/QUATERNARY / ZHEJIANG PROVINCE,SUBALKALI BASALT [12012],VOL,58.2,2.61,12.1,0.97,9.45,4.5,4.03
[12012],INTRAPLATE VOLCANICS,CENTRAL ASIAN FOLDBELT - CENOZOIC/QUATERNARY / CHINA - CENOZOIC/QUATERNARY / ZHEJIANG PROVINCE,SUBALKALI BASALT [12012],VOL,55.3,2.28,14.4,0.96,9.94,5.39,6.21
[17506][20453],RIFT VOLCANICS,ANTARCTICA / WEST ANTARCTIC RIFT SYSTEM / MARIE BYRD LAND / MOUNT MURPHY,BASALT [17506] / SUBALKALI BASALT [20453],VOL,45.13,4.2,13.62,3.81,10.35,5.5,11.24
[17506][20453],RIFT VOLCANICS,ANTARCTICA / WEST ANTARCTIC RIFT SYSTEM / MARIE BYRD LAND / MOUNT MURPHY,BASALT [17506] / SUBALKALI BASALT [20453],VOL,44.96,4.07,13.86,5.01,10.09,5.52,9.79
[3396][3290][3325],CONVERGENT MARGIN,LESSER ANTILLES / LESSER ANTILLES / GRENADA / MOUNT MORITZ,"PICRITE [3396] / ALKALI BASALT, OLIVINE [3290] / BASALT [3325]",VOL,46.55,0.879,13.82,1.1,10.95,14.42,7.93
[3288][3290][2773],CONVERGENT MARGIN,LESSER ANTILLES / LESSER ANTILLES / GRENADA,"SUBALKALI BASALT [3288] / ALKALI BASALT, OLIVINE [3290]",VOL,46.5,0.88,16.31,1.15,10.5,13.0,8.24
[12927],OCEAN ISLAND,CANARY ISLANDS / LANZAROTE / CORONA,SUBALKALI BASALT [12927],VOL,50.19,2.46,14.12,8.26,9.35,9.16,0.93
[12927],OCEAN ISLAND,CANARY ISLANDS / LANZAROTE / CORONA,SUBALKALI BASALT [12927],VOL,48.35,2.63,13.33,4.3,9.67,9.25,7.09
[12927],OCEAN ISLAND,CANARY ISLANDS / LANZAROTE / CORONA,SUBALKALI BASALT [12927],VOL,48.28,2.31,14.91,8.1,8.97,10.28,2.51
[12927],OCEAN ISLAND,CANARY ISLANDS / LANZAROTE / CORONA,SUBALKALI BASALT [12927],VOL,49.02,2.23,14.65,10.36,8.83,10.3,0.43
[12927],OCEAN ISLAND,CANARY ISLANDS / LANZAROTE / CORONA,SUBALKALI BASALT [12927],VOL,50.21,2.15,15.13,9.98,7.78,9.0,0.31
[12927],OCEAN ISLAND,CANARY ISLANDS / LANZAROTE / CORONA,SUBALKALI BASALT [12927],VOL,50.17,2.15,15.27,9.09,8.29,9.35,1.25
[12927],OCEAN ISLAND,CANARY ISLANDS / LANZAROTE / CORONA,SUBALKALI BASALT [12927],VOL,49.07,2.47,14.04,2.28,9.6,10.09,8.29
[13439],OCEAN ISLAND,MASCARENE ISLANDS INCL. REUNION / REUNION / PITON DE LA FOURNAISE,SUBALKALI BASALT [13439],VOL,47.8,2.7,13.3,2.29,11.0,10.3,9.38
[13439],OCEAN ISLAND,MASCARENE ISLANDS INCL. REUNION / REUNION / PITON DE LA FOURNAISE,SUBALKALI BASALT [13439],VOL,48.0,3.1,14.5,2.24,11.1,7.9,9.24
[13439],OCEAN ISLAND,MASCARENE ISLANDS INCL. REUNION / REUNION / PITON DE LA FOURNAISE,SUBALKALI BASALT [13439],VOL,46.85,2.9,12.8,2.42,10.9,10.85,9.53
[13439],OCEAN ISLAND,MASCARENE ISLANDS INCL. REUNION / REUNION / PITON DE LA FOURNAISE,SUBALKALI BASALT [13439],VOL,46.6,2.65,14.55,3.65,9.4,9.7,8.06
[13439],OCEAN ISLAND,MASCARENE ISLANDS INCL. REUNION / REUNION / PITON DE LA FOURNAISE,SUBALKALI BASALT [13439],VOL,45.4,3.0,14.2,6.35,11.1,6.3,5.72
[13439],OCEAN ISLAND,MASCARENE ISLANDS INCL. REUNION / REUNION / PITON DE LA FOURNAISE,SUBALKALI BASALT [13439],VOL,44.2,2.05,11.0,4.46,8.8,18.9,8.33
[13439],OCEAN ISLAND,MASCARENE ISLANDS INCL. REUNION / REUNION / PITON DE LA FOURNAISE,SUBALKALI BASALT [13439],VOL,47.9,3.0,14.3,3.59,11.7,7.4,8.12
[13439],OCEAN ISLAND,MASCARENE ISLANDS INCL. REUNION / REUNION / PITON DE LA FOURNAISE,SUBALKALI BASALT [13439],VOL,48.7,3.2,14.1,2.89,11.2,7.2,8.66
[13439],OCEAN ISLAND,MASCARENE ISLANDS INCL. REUNION / REUNION / PITON DE LA FOURNAISE,SUBALKALI BASALT [13439],VOL,48.75,2.9,14.3,3.0,11.5,7.45,8.41
[13439],OCEAN ISLAND,MASCARENE ISLANDS INCL. REUNION / REUNION / PITON DE LA FOURNAISE,SUBALKALI BASALT [13439],VOL,48.0,3.2,14.0,7.05,11.4,7.9,4.91
[13439],OCEAN ISLAND,MASCARENE ISLANDS INCL. REUNION / REUNION / PITON DE LA FOURNAISE,SUBALKALI BASALT [13439],VOL,47.5,3.4,14.7,11.08,10.2,6.9,1.73
[13439],OCEAN ISLAND,MASCARENE ISLANDS INCL. REUNION / REUNION / PITON DE LA FOURNAISE,SUBALKALI BASALT [13439],VOL,48.2,3.2,14.2,7.05,11.5,7.0,5.36
[13439],OCEAN ISLAND,MASCARENE ISLANDS INCL. REUNION / REUNION / PITON DE LA FOURNAISE,SUBALKALI BASALT [13439],VOL,48.0,2.8,14.8,3.02,11.2,7.4,8.54
[20443][17601],RIFT VOLCANICS,EAST AFRICAN RIFT / WESTERN EAST AFRICAN RIFT (TANGANYIKA RIFT) / SOUTH KIVU LAKE PROVINCE / BUKAVU-BUGARAMA VOLANIC FIELD,THOLEIITIC BASALT [20443] / SUBALKALI BASALT [17601],VOL,50.91,2.03,14.41,0.99,9.35,6.74,10.08
[10091],INTRAPLATE VOLCANICS,ARABIAN-NUBIAN SHIELD / ISRAEL / HARRAT ASH SHAAM (SHAMAH) VOLCANIC FIELD,SUBALKALI BASALT [10091],VOL,46.35,2.61,13.44,1.33,8.66,7.99,10.74
[10091],INTRAPLATE VOLCANICS,ARABIAN-NUBIAN SHIELD / ISRAEL / HARRAT ASH SHAAM (SHAMAH) VOLCANIC FIELD,SUBALKALI BASALT [10091],VOL,45.5,3.83,16.34,1.35,6.79,4.17,10.9
[15008],CONVERGENT MARGIN,MEXICAN VOLCANIC BELTS / TRANS MEXICAN VOLCANIC BELT / MICHOACAN / MICHOACAN-GUANAJUATO VOLCANIC FIELD,SUBALKALI BASALT [15008],VOL,50.22,1.18,16.55,1.95,8.91,8.78,6.4
[15008],CONVERGENT MARGIN,MEXICAN VOLCANIC BELTS / TRANS MEXICAN VOLCANIC BELT / MICHOACAN / MICHOACAN-GUANAJUATO VOLCANIC FIELD,SUBALKALI BASALT [15008],VOL,50.3,1.2,17.44,2.28,10.19,6.74,6.14
[15008],CONVERGENT MARGIN,MEXICAN VOLCANIC BELTS / TRANS MEXICAN VOLCANIC BELT / MICHOACAN / MICHOACAN-GUANAJUATO VOLCANIC FIELD,SUBALKALI BASALT [15008],VOL,51.17,0.83,17.09,2.36,8.91,9.02,5.6
[15626],INTRAPLATE VOLCANICS,NEW ZEALAND / NORTH ISLAND / AUCKLAND VOLCANIC FIELD / RANGITOTO ISLAND,SUBALKALI BASALT [15626],VOL,48.0,1.6,11.99,2.15,8.22,13.99,10.76
[15626],INTRAPLATE VOLCANICS,NEW ZEALAND / NORTH ISLAND / AUCKLAND VOLCANIC FIELD / RANGITOTO ISLAND,SUBALKALI BASALT [15626],VOL,48.94,1.84,13.77,2.02,9.18,10.25,10.1
[15626],INTRAPLATE VOLCANICS,NEW ZEALAND / NORTH ISLAND / AUCKLAND VOLCANIC FIELD / RANGITOTO ISLAND,SUBALKALI BASALT [15626],VOL,49.57,2.09,15.32,1.91,9.54,7.5,9.57
[10742],CONVERGENT MARGIN,LIGURIA-SARDO-TYRRHENIAN ARC / SARDINIA / NORTHERN SARDINIA / LOGUDORO VOLCANIC DISTRICT,SUBALKALI BASALT [10742],VOL,52.58,1.65,15.96,3.7,6.93,5.94,6.32
[13372],CONVERGENT MARGIN,LIGURIA-SARDO-TYRRHENIAN ARC / SARDINIA / SOUTHERN SARDINIA,SUBALKALI BASALT [13372],VOL,52.68,1.78,16.27,5.6,7.45,5.84,4.25
[13372],CONVERGENT MARGIN,LIGURIA-SARDO-TYRRHENIAN ARC / SARDINIA / SOUTHERN SARDINIA,SUBALKALI BASALT [13372],VOL,51.49,1.66,16.36,5.1,7.6,6.22,4.8
[13377],CONVERGENT MARGIN,LIGURIA-SARDO-TYRRHENIAN ARC / SARDINIA / SOUTHERN SARDINIA / MONTE ARCI VOLCANIC COMPLEX,SUBALKALI BASALT [13377],VOL,51.55,2.03,15.52,2.44,8.06,6.14,7.36
[13377],CONVERGENT MARGIN,LIGURIA-SARDO-TYRRHENIAN ARC / SARDINIA / SOUTHERN SARDINIA / MONTE ARCI VOLCANIC COMPLEX,SUBALKALI BASALT [13377],VOL,51.31,1.42,16.27,2.74,8.61,6.19,7.0
[13377],CONVERGENT MARGIN,LIGURIA-SARDO-TYRRHENIAN ARC / SARDINIA / SOUTHERN SARDINIA / MONTE ARCI VOLCANIC COMPLEX,SUBALKALI BASALT [13377],VOL,51.89,1.76,15.61,3.46,8.23,6.64,5.69
[13377],CONVERGENT MARGIN,LIGURIA-SARDO-TYRRHENIAN ARC / SARDINIA / SOUTHERN SARDINIA / MONTE ARCI VOLCANIC COMPLEX,SUBALKALI BASALT [13377],VOL,53.12,1.57,14.4,5.92,6.56,8.39,3.33
[13377],CONVERGENT MARGIN,LIGURIA-SARDO-TYRRHENIAN ARC / SARDINIA / SOUTHERN SARDINIA / MONTE ARCI VOLCANIC COMPLEX,SUBALKALI BASALT [13377],VOL,52.86,1.63,16.01,2.21,7.0,6.48,7.49
[13377],CONVERGENT MARGIN,LIGURIA-SARDO-TYRRHENIAN ARC / SARDINIA / SOUTHERN SARDINIA / MONTE ARCI VOLCANIC COMPLEX,SUBALKALI BASALT [13377],VOL,52.76,1.65,16.07,3.88,7.78,5.7,5.49
[13377],CONVERGENT MARGIN,LIGURIA-SARDO-TYRRHENIAN ARC / SARDINIA / SOUTHERN SARDINIA / MONTE ARCI VOLCANIC COMPLEX,SUBALKALI BASALT [13377],VOL,52.87,1.61,16.09,2.39,6.94,6.15,6.67
[13377],CONVERGENT MARGIN,LIGURIA-SARDO-TYRRHENIAN ARC / SARDINIA / SOUTHERN SARDINIA / MONTE ARCI VOLCANIC COMPLEX,SUBALKALI BASALT [13377],VOL,53.68,1.71,15.49,3.48,6.58,5.72,5.96
[13377],CONVERGENT MARGIN,LIGURIA-SARDO-TYRRHENIAN ARC / SARDINIA / SOUTHERN SARDINIA / MONTE ARCI VOLCANIC COMPLEX,SUBALKALI BASALT [13377],VOL,53.26,1.65,15.63,2.39,6.82,5.91,6.73
[13374],CONVERGENT MARGIN,LIGURIA-SARDO-TYRRHENIAN ARC / SARDINIA / SOUTHERN SARDINIA / MONTE ARCI VOLCANIC COMPLEX,SUBALKALI BASALT [13374],VOL,51.55,2.03,15.52,2.44,8.08,6.14,7.38
[13374],CONVERGENT MARGIN,LIGURIA-SARDO-TYRRHENIAN ARC / SARDINIA / SOUTHERN SARDINIA / MONTE ARCI VOLCANIC COMPLEX,SUBALKALI BASALT [13374],VOL,51.31,1.42,16.27,2.74,8.61,6.19,7.0
[13374],CONVERGENT MARGIN,LIGURIA-SARDO-TYRRHENIAN ARC / SARDINIA / SOUTHERN SARDINIA / MONTE ARCI VOLCANIC COMPLEX,SUBALKALI BASALT [13374],VOL,51.88,1.76,15.61,3.46,8.23,8.64,5.66
[13374],CONVERGENT MARGIN,LIGURIA-SARDO-TYRRHENIAN ARC / SARDINIA / SOUTHERN SARDINIA / MONTE ARCI VOLCANIC COMPLEX,SUBALKALI BASALT [13374],VOL,53.12,1.57,14.4,5.92,8.58,8.39,3.33
[13374],CONVERGENT MARGIN,LIGURIA-SARDO-TYRRHENIAN ARC / SARDINIA / SOUTHERN SARDINIA / MONTE ARCI VOLCANIC COMPLEX,SUBALKALI BASALT [13374],VOL,52.88,1.83,18.01,2.21,7.0,8.48,7.49
[13374],CONVERGENT MARGIN,LIGURIA-SARDO-TYRRHENIAN ARC / SARDINIA / SOUTHERN SARDINIA / MONTE ARCI VOLCANIC COMPLEX,SUBALKALI BASALT [13374],VOL,52.76,1.65,18.07,3.88,7.78,5.7,5.49
[13374],CONVERGENT MARGIN,LIGURIA-SARDO-TYRRHENIAN ARC / SARDINIA / SOUTHERN SARDINIA / MONTE ARCI VOLCANIC COMPLEX,SUBALKALI BASALT [13374],VOL,52.87,1.61,16.09,2.39,8.94,6.15,6.87
[13374],CONVERGENT MARGIN,LIGURIA-SARDO-TYRRHENIAN ARC / SARDINIA / SOUTHERN SARDINIA / MONTE ARCI VOLCANIC COMPLEX,SUBALKALI BASALT [13374],VOL,53.88,1.71,15.49,3.48,6.58,5.72,5.98
[13374],CONVERGENT MARGIN,LIGURIA-SARDO-TYRRHENIAN ARC / SARDINIA / SOUTHERN SARDINIA / MONTE ARCI VOLCANIC COMPLEX,SUBALKALI BASALT [13374],VOL,53.28,1.65,15.63,2.39,8.82,5.91,8.73
[16025],RIFT VOLCANICS,BASIN AND RANGE - GREAT BASIN / GREAT BASIN / CALIFORNIA,SUBALKALI BASALT [16025],VOL,49.15,1.44,16.7,3.25,10.3,5.3,9.07
[16025],RIFT VOLCANICS,BASIN AND RANGE - GREAT BASIN / GREAT BASIN / CALIFORNIA,SUBALKALI BASALT [16025],VOL,49.7,2.75,14.55,3.2,8.8,6.85,8.95
[16025],RIFT VOLCANICS,BASIN AND RANGE - GREAT BASIN / GREAT BASIN / CALIFORNIA / SUNSHINE PEAK,SUBALKALI BASALT [16025],VOL,49.6,1.57,16.35,3.3,10.05,5.7,9.02
[17313],CONTINENTAL FLOOD BASALT,DECCAN / NORTHERN DECCAN / PALITANA SEQUENCE,SUBALKALI BASALT [17313],VOL,51.86,1.39,15.09,1.9,10.83,6.13,9.52
[17313],CONTINENTAL FLOOD BASALT,DECCAN / NORTHERN DECCAN / PALITANA SEQUENCE,SUBALKALI BASALT [17313],VOL,51.05,1.26,15.02,1.85,11.24,6.67,9.22
[17313],CONTINENTAL FLOOD BASALT,DECCAN / NORTHERN DECCAN / PALITANA SEQUENCE,SUBALKALI BASALT [17313],VOL,51.52,1.23,14.77,1.85,11.73,6.39,9.27
[17313],CONTINENTAL FLOOD BASALT,DECCAN / NORTHERN DECCAN / PALITANA SEQUENCE,SUBALKALI BASALT [17313],VOL,51.07,1.64,14.23,1.83,9.9,6.92,9.14
[17313],CONTINENTAL FLOOD BASALT,DECCAN / NORTHERN DECCAN / PALITANA SEQUENCE,SUBALKALI BASALT [17313],VOL,50.75,1.87,13.87,2.15,10.52,5.62,10.74
[17313],CONTINENTAL FLOOD BASALT,DECCAN / NORTHERN DECCAN / PALITANA SEQUENCE,SUBALKALI BASALT [17313],VOL,49.41,1.25,14.37,2.12,12.15,7.74,10.62
[17313],CONTINENTAL FLOOD BASALT,DECCAN / NORTHERN DECCAN / PALITANA SEQUENCE,SUBALKALI BASALT [17313],VOL,51.32,1.21,15.53,1.77,13.03,5.76,8.86
[15152],INTRAPLATE VOLCANICS,CENTRAL ASIAN FOLDBELT - PALEOZOIC / MONGOLIA - PALEOZOIC / LAKE ZONE,SUBALKALI BASALT [15152],VOL,52.18,2.89,14.39,9.95,7.09,3.55,2.29
[15152],INTRAPLATE VOLCANICS,CENTRAL ASIAN FOLDBELT - PALEOZOIC / MONGOLIA - PALEOZOIC / LAKE ZONE,SUBALKALI BASALT [15152],VOL,49.46,2.59,17.14,7.61,6.49,3.99,2.83
[15152],INTRAPLATE VOLCANICS,CENTRAL ASIAN FOLDBELT - PALEOZOIC / MONGOLIA - PALEOZOIC / LAKE ZONE,SUBALKALI BASALT [15152],VOL,46.1,1.64,17.25,10.69,8.54,4.5,3.12
[15152],INTRAPLATE VOLCANICS,CENTRAL ASIAN FOLDBELT - PALEOZOIC / MONGOLIA - PALEOZOIC / LAKE ZONE,SUBALKALI BASALT [15152],VOL,49.32,2.13,15.7,5.67,8.95,4.55,4.85
[15152],INTRAPLATE VOLCANICS,CENTRAL ASIAN FOLDBELT - PALEOZOIC / MONGOLIA - PALEOZOIC / LAKE ZONE,SUBALKALI BASALT [15152],VOL,52.51,2.48,14.8,6.93,4.07,3.99,4.4
[15152],INTRAPLATE VOLCANICS,CENTRAL ASIAN FOLDBELT - PALEOZOIC / MONGOLIA - PALEOZOIC / LAKE ZONE,SUBALKALI BASALT [15152],VOL,51.95,1.77,15.66,8.23,7.06,4.66,2.69
[15152],INTRAPLATE VOLCANICS,CENTRAL ASIAN FOLDBELT - PALEOZOIC / MONGOLIA - PALEOZOIC / LAKE ZONE,SUBALKALI BASALT [15152],VOL,49.87,1.73,16.35,5.63,7.27,5.38,4.79
[15152],INTRAPLATE VOLCANICS,CENTRAL ASIAN FOLDBELT - PALEOZOIC / MONGOLIA - PALEOZOIC / LAKE ZONE,SUBALKALI BASALT [15152],VOL,51.26,2.95,13.66,7.37,5.57,3.97,3.59
[15152],INTRAPLATE VOLCANICS,CENTRAL ASIAN FOLDBELT - PALEOZOIC / MONGOLIA - PALEOZOIC / LAKE ZONE,SUBALKALI BASALT [15152],VOL,46.48,2.22,15.62,4.57,8.6,6.3,7.6
[15152],INTRAPLATE VOLCANICS,CENTRAL ASIAN FOLDBELT - PALEOZOIC / MONGOLIA - PALEOZOIC / LAKE ZONE,SUBALKALI BASALT [15152],VOL,46.14,2.42,15.8,5.26,8.4,5.7,6.71
[15152],INTRAPLATE VOLCANICS,CENTRAL ASIAN FOLDBELT - PALEOZOIC / MONGOLIA - PALEOZOIC / LAKE ZONE,SUBALKALI BASALT [15152],VOL,44.21,2.87,17.42,8.02,8.76,4.68,4.78
[15152],INTRAPLATE VOLCANICS,CENTRAL ASIAN FOLDBELT - PALEOZOIC / MONGOLIA - PALEOZOIC / LAKE ZONE,SUBALKALI BASALT [15152],VOL,47.57,2.56,18.61,11.53,5.03,4.17,0.45
[4512],CONVERGENT MARGIN,LESSER ANTILLES / LESSER ANTILLES / GRENADA,SUBALKALI BASALT [4512],VOL,47.63,0.88,17.71,2.15,11.03,9.98,6.74
[4606],CONTINENTAL FLOOD BASALT,NORTH ATLANTIC IGNEOUS PROVINCE (NAIP) / BRITISH TERTIARY VOLCANIC PROVINCE,THOLEIITIC ANDESITE [4606],VOL,55.8,1.27,15.5,7.36,4.2,1.4,3.85
[4754],CONTINENTAL FLOOD BASALT,PARANA / NORTHERN PARANA PROVINCE / SERRA GERAL FORMATION,THOLEIITIC ANDESITE [4754],VOL,54.66,2.82,14.17,1.7,6.97,2.24,8.05
[8263][8262],COMPLEX VOLCANIC SETTINGS,HYBLEAN (IBLEAN) PLATEAU,THOLEIITIC ANDESITE [8263] / NOT GIVEN [8262],VOL,51.83,1.98,15.68,2.71,8.3,6.81,7.77
[1688],ARCHEAN CRATON (INCLUDING GREENSTONE BELTS),KAAPVAAL CRATON_ARCHEAN / WITWATERSRAND BASIN / VENTERSDORP SUPERGROUP / PNIEL GROUP - ALLANRIDGE FORMATION,THOLEIITIC ANDESITE [1688],VOL,59.24,1.08,14.22,2.66,7.61,4.66,4.16
[1688],ARCHEAN CRATON (INCLUDING GREENSTONE BELTS),KAAPVAAL CRATON_ARCHEAN / WITWATERSRAND BASIN / VENTERSDORP SUPERGROUP / PNIEL GROUP - ALLANRIDGE FORMATION,THOLEIITIC ANDESITE [1688],VOL,56.46,1.05,13.89,2.0,5.97,4.82,9.39
[1688],ARCHEAN CRATON (INCLUDING GREENSTONE BELTS),KAAPVAAL CRATON_ARCHEAN / WITWATERSRAND BASIN / VENTERSDORP SUPERGROUP / PNIEL GROUP - ALLANRIDGE FORMATION,THOLEIITIC ANDESITE [1688],VOL,56.87,0.83,11.41,2.39,9.25,8.7,6.07
[1688],ARCHEAN CRATON (INCLUDING GREENSTONE BELTS),KAAPVAAL CRATON_ARCHEAN / WITWATERSRAND BASIN / VENTERSDORP SUPERGROUP / PNIEL GROUP - ALLANRIDGE FORMATION,THOLEIITIC ANDESITE [1688],VOL,62.73,0.84,16.03,2.47,5.4,5.37,4.08
[1688],ARCHEAN CRATON (INCLUDING GREENSTONE BELTS),KAAPVAAL CRATON_ARCHEAN / WITWATERSRAND BASIN / VENTERSDORP SUPERGROUP / PNIEL GROUP - ALLANRIDGE FORMATION,THOLEIITIC ANDESITE [1688],VOL,58.15,0.77,13.49,2.3,8.08,4.77,7.69
[1688],ARCHEAN CRATON (INCLUDING GREENSTONE BELTS),KAAPVAAL CRATON_ARCHEAN / WITWATERSRAND BASIN / VENTERSDORP SUPERGROUP / PNIEL GROUP - ALLANRIDGE FORMATION,THOLEIITIC ANDESITE [1688],VOL,59.47,0.88,14.1,2.41,7.92,4.12,6.48
[1688],ARCHEAN CRATON (INCLUDING GREENSTONE BELTS),KAAPVAAL CRATON_ARCHEAN / WITWATERSRAND BASIN / VENTERSDORP SUPERGROUP / PNIEL GROUP - ALLANRIDGE FORMATION,THOLEIITIC ANDESITE [1688],VOL,57.66,0.9,14.89,2.42,6.59,6.51,7.07
[1688],ARCHEAN CRATON (INCLUDING GREENSTONE BELTS),KAAPVAAL CRATON_ARCHEAN / WITWATERSRAND BASIN / VENTERSDORP SUPERGROUP / PNIEL GROUP - ALLANRIDGE FORMATION,THOLEIITIC ANDESITE [1688],VOL,64.45,0.8,13.15,2.34,3.53,3.42,8.7
[1688],ARCHEAN CRATON (INCLUDING GREENSTONE BELTS),KAAPVAAL CRATON_ARCHEAN / WITWATERSRAND BASIN / VENTERSDORP SUPERGROUP / PNIEL GROUP - ALLANRIDGE FORMATION,THOLEIITIC ANDESITE [1688],VOL,60.31,0.81,13.83,2.37,7.29,3.79,6.3
[1688],ARCHEAN CRATON (INCLUDING GREENSTONE BELTS),KAAPVAAL CRATON_ARCHEAN / WITWATERSRAND BASIN / VENTERSDORP SUPERGROUP / PNIEL GROUP - ALLANRIDGE FORMATION,THOLEIITIC ANDESITE [1688],VOL,58.63,0.75,12.37,2.31,8.05,4.91,7.81
[1688],ARCHEAN CRATON (INCLUDING GREENSTONE BELTS),KAAPVAAL CRATON_ARCHEAN / WITWATERSRAND BASIN / VENTERSDORP SUPERGROUP / PLATBERG GROUP - RIETGAT FORMATION,THOLEIITIC ANDESITE [1688],VOL,62.5,1.2,14.11,2.49,5.96,3.11,5.17
[1688],ARCHEAN CRATON (INCLUDING GREENSTONE BELTS),KAAPVAAL CRATON_ARCHEAN / WITWATERSRAND BASIN / VENTERSDORP SUPERGROUP / PLATBERG GROUP - RIETGAT FORMATION,THOLEIITIC ANDESITE [1688],VOL,59.5,0.98,15.5,2.51,7.53,4.97,5.53
[1688],ARCHEAN CRATON (INCLUDING GREENSTONE BELTS),KAAPVAAL CRATON_ARCHEAN / WITWATERSRAND BASIN / VENTERSDORP SUPERGROUP / PNIEL GROUP - ALLANRIDGE FORMATION,THOLEIITIC ANDESITE [1688],VOL,55.01,1.12,15.2,2.67,10.04,4.38,7.72
[1688],ARCHEAN CRATON (INCLUDING GREENSTONE BELTS),KAAPVAAL CRATON_ARCHEAN / WITWATERSRAND BASIN / VENTERSDORP SUPERGROUP / PNIEL GROUP - ALLANRIDGE FORMATION,THOLEIITIC ANDESITE [1688],VOL,58.38,1.14,14.35,2.67,6.16,4.25,8.15
[1688],ARCHEAN CRATON (INCLUDING GREENSTONE BELTS),KAAPVAAL CRATON_ARCHEAN / WITWATERSRAND BASIN / VENTERSDORP SUPERGROUP / PNIEL GROUP - ALLANRIDGE FORMATION,THOLEIITIC ANDESITE [1688],VOL,57.53,1.17,14.32,2.72,7.06,4.61,7.37
[11263][9388],RIFT VOLCANICS,MEXICAN BASIN AND RANGE / WESTERN MEXICAN BASIN AND RANGE (GULF EXTENSIONAL  / ISLA TORTUGA,ICELANDITE [11263] / THOLEIITIC ANDESITE [9388],VOL,61.6,1.41,14.5,1.23,5.12,2.27,6.18
[11263][9388],RIFT VOLCANICS,MEXICAN BASIN AND RANGE / WESTERN MEXICAN BASIN AND RANGE (GULF EXTENSIONAL  / ISLA TORTUGA,ICELANDITE [11263] / THOLEIITIC ANDESITE [9388],VOL,61.4,1.36,14.6,0.5,4.9,2.53,6.74
[9490],INTRAPLATE VOLCANICS,AUSTRALIA / EASTERN AUSTRALIAN CENOZOIC VOLCANIC ZONE / QUEENSLAND / BUNYA MOUNTAINS VOLCANIC CENTRE,THOLEIITIC ANDESITE [9490],VOL,56.31,2.09,15.59,5.15,5.4,1.09,3.62
[9675][9490],INTRAPLATE VOLCANICS,AUSTRALIA / EASTERN AUSTRALIAN CENOZOIC VOLCANIC ZONE / QUEENSLAND / MALENY VOLCANIC CENTRE,BASALTIC-TRACHYANDESITE [9675] / THOLEIITIC ANDESITE [9490],VOL,52.38,2.14,16.53,4.88,6.04,2.83,4.78
[9675][9490],INTRAPLATE VOLCANICS,AUSTRALIA / EASTERN AUSTRALIAN CENOZOIC VOLCANIC ZONE / QUEENSLAND / BUNYA MOUNTAINS VOLCANIC CENTRE,BASALTIC-TRACHYANDESITE [9675] / THOLEIITIC ANDESITE [9490],VOL,51.98,2.15,14.29,6.16,5.35,2.18,6.9
[5437],CONVERGENT MARGIN,HONSHU ARC / NORTHEASTERN HONSHU ARC / HONSHU / MITAKI THOLEIITES,"THOLEIITIC ANDESITE, AUGITE-BRONZITE [5437]",VOL,54.42,0.68,18.21,4.54,8.5,2.67,6.34
[5437],CONVERGENT MARGIN,HONSHU ARC / NORTHEASTERN HONSHU ARC / HONSHU / MITAKI THOLEIITES,"THOLEIITIC ANDESITE, BRONZITE [5437]",VOL,55.78,0.88,17.41,3.56,8.96,2.59,6.26
[5437],CONVERGENT MARGIN,HONSHU ARC / NORTHEASTERN HONSHU ARC / HONSHU / MITAKI THOLEIITES,"THOLEIITIC ANDESITE, AUGITE-BRONZITE [5437]",VOL,55.82,0.94,17.39,3.53,8.62,2.28,6.55
[1056][1057][1055],OCEAN ISLAND,ICELAND / ICELAND,THOLEIITIC ANDESITE [1056] / BASALT [1057],VOL,54.99,2.74,14.41,4.19,8.07,3.5,7.5
[1056][1057][1055],OCEAN ISLAND,ICELAND / ICELAND,THOLEIITIC ANDESITE [1056] / BASALT [1057],VOL,49.88,3.74,13.68,5.77,8.81,4.7,8.33
[1056][1057][1055],OCEAN ISLAND,ICELAND / ICELAND,THOLEIITIC ANDESITE [1056] / BASALT [1057],VOL,51.62,3.1,14.15,3.17,7.46,3.75,9.62
[1056][1057][1055],OCEAN ISLAND,ICELAND / ICELAND,THOLEIITIC ANDESITE [1056] / BASALT [1057],VOL,49.27,2.23,17.8,6.06,9.62,4.85,4.96
[1056][1057][1055],OCEAN ISLAND,ICELAND / ICELAND,THOLEIITIC ANDESITE [1056] / BASALT [1057],VOL,53.75,2.76,14.12,4.35,7.84,3.37,7.84
[1056][1057][1055],OCEAN ISLAND,ICELAND / ICELAND,THOLEIITIC ANDESITE [1056] / BASALT [1057],VOL,50.42,3.53,13.85,4.43,6.69,3.96,9.76
[1056][1055],OCEAN ISLAND,ICELAND / ICELAND,THOLEIITIC ANDESITE [1056],VOL,51.21,3.55,13.61,5.8,8.57,4.37,8.0
[1056][1055],OCEAN ISLAND,ICELAND / ICELAND,THOLEIITIC ANDESITE [1056],VOL,50.53,3.33,13.65,5.25,9.36,4.76,8.79
[1056][1055],OCEAN ISLAND,ICELAND / ICELAND,THOLEIITIC ANDESITE [1056],VOL,52.3,3.33,13.46,6.2,8.46,4.15,7.8
[1056][1055],OCEAN ISLAND,ICELAND / ICELAND,THOLEIITIC ANDESITE [1056],VOL,48.78,3.41,13.43,6.8,9.42,5.22,9.11
[1056][1055],OCEAN ISLAND,ICELAND / ICELAND,THOLEIITIC ANDESITE [1056],VOL,49.69,3.28,13.33,7.34,8.86,4.45,8.34
[1056][1055],OCEAN ISLAND,ICELAND / ICELAND,THOLEIITIC ANDESITE [1056],VOL,49.5,3.45,13.77,4.19,9.76,5.0,10.01
[1056][1055],OCEAN ISLAND,ICELAND / ICELAND,THOLEIITIC ANDESITE [1056],VOL,48.85,3.35,13.83,7.58,10.45,5.47,6.85
[1056][1055][1123],OCEAN ISLAND,ICELAND / ICELAND,"THOLEIITIC ANDESITE [1056] / THOLEIITIC BASALT, QUARTZ [1123]",VOL,49.64,3.5,13.76,4.0,10.19,5.09,9.5
[1056][1055],OCEAN ISLAND,ICELAND / ICELAND,THOLEIITIC ANDESITE [1056],VOL,48.65,3.38,13.82,7.33,10.74,6.02,6.37
[1056][1055],OCEAN ISLAND,ICELAND / ICELAND,THOLEIITIC ANDESITE [1056],VOL,48.99,3.48,13.11,5.7,9.34,6.05,9.7
[1056][1055],OCEAN ISLAND,ICELAND / ICELAND,THOLEIITIC ANDESITE [1056],VOL,49.21,3.46,13.44,5.07,9.95,5.22,9.57
[1056][1055],OCEAN ISLAND,ICELAND / ICELAND,THOLEIITIC ANDESITE [1056],VOL,51.73,3.17,13.21,8.85,8.24,3.71,5.98
[1056][1055],OCEAN ISLAND,ICELAND / ICELAND,THOLEIITIC ANDESITE [1056],VOL,49.6,3.51,13.4,3.1,9.72,5.08,11.5
[1056][1055],OCEAN ISLAND,ICELAND / ICELAND,THOLEIITIC ANDESITE [1056],VOL,48.7,3.61,12.89,9.7,9.24,4.48,7.5
[1056][1055],OCEAN ISLAND,ICELAND / ICELAND,THOLEIITIC ANDESITE [1056],VOL,57.13,2.27,14.28,6.5,6.0,2.34,4.8
[1056][1055],OCEAN ISLAND,ICELAND / ICELAND,THOLEIITIC ANDESITE [1056],VOL,51.99,3.02,14.05,5.79,8.09,4.41,7.51
[1056][1055],OCEAN ISLAND,ICELAND / ICELAND,THOLEIITIC ANDESITE [1056],VOL,55.09,2.6,13.71,6.92,6.76,3.24,5.5
[1056][1055],OCEAN ISLAND,ICELAND / ICELAND,THOLEIITIC ANDESITE [1056] / BASALT [1055],VOL,55.53,2.74,13.52,5.2,6.59,3.14,7.8
[1056][1055],OCEAN ISLAND,ICELAND / ICELAND,THOLEIITIC ANDESITE [1056] / BASALT [1055],VOL,50.18,2.44,14.02,7.4,10.32,5.05,7.1
[1056][1055][1123],OCEAN ISLAND,ICELAND / ICELAND,"THOLEIITIC ANDESITE [1056] / BASALT [1055] / THOLEIITIC BASALT, QUARTZ [1123]",VOL,51.76,2.38,15.2,5.89,8.7,4.61,6.29
[1056][1055],OCEAN ISLAND,ICELAND / ICELAND,THOLEIITIC ANDESITE [1056] / BASALT [1055],VOL,53.39,2.21,15.18,5.5,8.78,3.75,6.0
[1056][1055][1123],OCEAN ISLAND,ICELAND / ICELAND,"THOLEIITIC ANDESITE [1056] / BASALT [1055] / THOLEIITIC BASALT, QUARTZ [1123]",VOL,52.17,2.31,15.67,4.14,8.53,4.19,7.38
[1056][1055][1123],OCEAN ISLAND,ICELAND / ICELAND,"THOLEIITIC ANDESITE [1056] / BASALT [1055] / THOLEIITIC BASALT, QUARTZ [1123]",VOL,51.35,2.82,15.29,4.98,7.19,3.85,7.53
[1056][1055],OCEAN ISLAND,ICELAND / ICELAND,THOLEIITIC ANDESITE [1056] / BASALT [1055],VOL,54.92,2.58,14.17,3.8,8.3,3.33,8.1
[2044][1056],OCEAN ISLAND,ICELAND / ICELAND,NOT GIVEN [2044] / THOLEIITIC ANDESITE [1056],VOL,61.8,2.1,10.6,8.45,4.51,1.83,2.99
[1056][1055][1123],OCEAN ISLAND,ICELAND / ICELAND,"THOLEIITIC ANDESITE [1056] / BASALT [1055] / THOLEIITIC BASALT, QUARTZ [1123]",VOL,51.54,3.16,12.79,6.85,9.46,4.62,6.74
[1056][1055],OCEAN ISLAND,ICELAND / ICELAND,THOLEIITIC ANDESITE [1056] / BASALT [1055],VOL,49.66,2.75,13.62,6.21,10.47,5.46,8.07
[1056][1055],OCEAN ISLAND,ICELAND / ICELAND,THOLEIITIC ANDESITE [1056] / BASALT [1055],VOL,54.71,2.65,13.98,5.0,7.02,3.17,7.0
[1056][1055],OCEAN ISLAND,ICELAND / ICELAND,THOLEIITIC ANDESITE [1056] / BASALT [1055],VOL,50.95,3.66,13.87,5.4,9.01,4.44,8.28
[1056][1055],OCEAN ISLAND,ICELAND / ICELAND,THOLEIITIC ANDESITE [1056] / BASALT [1055],VOL,49.2,4.05,13.83,6.2,7.6,4.64,8.3
[1056][1055],OCEAN ISLAND,ICELAND / ICELAND,THOLEIITIC ANDESITE [1056] / BASALT [1055],VOL,49.63,3.3,14.73,5.96,8.84,4.81,7.66
[1056][1055],OCEAN ISLAND,ICELAND / ICELAND,THOLEIITIC ANDESITE [1056] / BASALT [1055],VOL,51.92,2.87,14.67,5.0,9.32,4.07,8.2
[1056][1055],OCEAN ISLAND,ICELAND / ICELAND,THOLEIITIC ANDESITE [1056] / BASALT [1055],VOL,49.46,2.98,14.72,5.6,10.39,4.89,8.2
[1056][1055],OCEAN ISLAND,ICELAND / ICELAND,THOLEIITIC BASALT [1056] / THOLEIITIC ANDESITE [1056] / BASALT [1055],VOL,49.01,2.9,13.54,16.2,10.29,8.03,9.6
[1056][1055],OCEAN ISLAND,ICELAND / ICELAND,THOLEIITIC ANDESITE [1056] / BASALT [1055],VOL,56.99,1.88,13.47,4.19,6.13,2.31,8.58
[1056][1055],OCEAN ISLAND,ICELAND / ICELAND,THOLEIITIC ANDESITE [1056] / BASALT [1055],VOL,53.56,2.61,14.35,5.34,8.13,4.17,6.98
[1056][1055],OCEAN ISLAND,ICELAND / ICELAND,THOLEIITIC ANDESITE [1056] / BASALT [1055],VOL,50.47,3.2,14.64,6.21,9.42,4.14,7.55
[1056][1055],OCEAN ISLAND,ICELAND / ICELAND,THOLEIITIC ANDESITE [1056] / BASALT [1055],VOL,50.33,3.23,12.19,4.2,10.03,5.29,0.8
[11800][11855],INTRAPLATE VOLCANICS,CENTRAL ASIAN FOLDBELT - PROTEROZOIC / CHINA - PROTEROZOIC / SHANXI PROVINCE / XIXIANG GROUP,BASALTIC-ANDESITE [11800] / THOLEIITIC ANDESITE [11855],VOL,53.54,1.7,13.24,6.88,5.26,4.59,7.35
[9650],INTRAPLATE VOLCANICS,AUSTRALIA / EASTERN AUSTRALIAN CENOZOIC VOLCANIC ZONE / NEW SOUTH WALES / TWEED / MAIN RANGE VOLCANICS - LAMINGTON GROUP,THOLEIITIC ANDESITE [9650],VOL,52.93,2.66,13.8,3.09,6.6,3.17,8.8
[9650],INTRAPLATE VOLCANICS,AUSTRALIA / EASTERN AUSTRALIAN CENOZOIC VOLCANIC ZONE / NEW SOUTH WALES / TWEED / MAIN RANGE VOLCANICS - LAMINGTON GROUP,THOLEIITIC ANDESITE [9650],VOL,47.39,2.41,16.05,3.45,7.25,5.19,8.51
[9650],INTRAPLATE VOLCANICS,AUSTRALIA / EASTERN AUSTRALIAN CENOZOIC VOLCANIC ZONE / NEW SOUTH WALES / TWEED / MAIN RANGE VOLCANICS - LAMINGTON GROUP,THOLEIITIC ANDESITE [9650],VOL,48.85,2.69,15.01,3.3,6.67,5.83,8.32
[9650],INTRAPLATE VOLCANICS,AUSTRALIA / EASTERN AUSTRALIAN CENOZOIC VOLCANIC ZONE / NEW SOUTH WALES / TWEED / MAIN RANGE VOLCANICS - LAMINGTON GROUP,THOLEIITIC ANDESITE [9650],VOL,54.21,2.1,15.0,3.45,7.13,3.61,5.61
[9650],INTRAPLATE VOLCANICS,AUSTRALIA / EASTERN AUSTRALIAN CENOZOIC VOLCANIC ZONE / NEW SOUTH WALES / TWEED / MAIN RANGE VOLCANICS - LAMINGTON GROUP,THOLEIITIC ANDESITE [9650],VOL,49.3,2.73,14.5,4.92,6.32,3.63,7.23
[9650],INTRAPLATE VOLCANICS,AUSTRALIA / EASTERN AUSTRALIAN CENOZOIC VOLCANIC ZONE / NEW SOUTH WALES / TWEED / MAIN RANGE VOLCANICS - LAMINGTON GROUP,THOLEIITIC ANDESITE [9650],VOL,54.2,2.1,14.6,3.63,7.8,4.15,6.38
[9650],INTRAPLATE VOLCANICS,AUSTRALIA / EASTERN AUSTRALIAN CENOZOIC VOLCANIC ZONE / NEW SOUTH WALES / TWEED / MAIN RANGE VOLCANICS - LAMINGTON GROUP,THOLEIITIC ANDESITE [9650],VOL,54.93,2.18,15.62,2.97,7.39,3.78,6.79
[9650],INTRAPLATE VOLCANICS,AUSTRALIA / EASTERN AUSTRALIAN CENOZOIC VOLCANIC ZONE / NEW SOUTH WALES / TWEED / MAIN RANGE VOLCANICS - LAMINGTON GROUP,THOLEIITIC ANDESITE [9650],VOL,53.52,2.04,13.97,3.44,7.29,4.43,6.53
[1669][2581][11626][2952],CONTINENTAL FLOOD BASALT,PARANA / SOUTHERN PARANA PROVINCE / GRAMADO FORMATION,BASALT [1669] / THOLEIITIC ANDESITE [2581],VOL,49.49,0.8,15.82,7.22,10.52,8.42,5.36
[1669][2581][2952],CONTINENTAL FLOOD BASALT,PARANA / SOUTHERN PARANA PROVINCE / GRAMADO FORMATION,BASALT [1669] / THOLEIITIC ANDESITE [2581],VOL,51.06,0.99,15.82,10.97,9.43,6.55,7.96
[1669][2952],CONTINENTAL FLOOD BASALT,PARANA / SOUTHERN PARANA PROVINCE / GRAMADO FORMATION,THOLEIITIC ANDESITE [1669],VOL,50.91,1.69,14.35,7.8,8.4,5.12,5.59
[1669][2952],CONTINENTAL FLOOD BASALT,PARANA / SOUTHERN PARANA PROVINCE / GRAMADO FORMATION,THOLEIITIC ANDESITE [1669],VOL,48.92,1.86,14.88,9.45,8.07,5.13,4.87
[1669][2952],CONTINENTAL FLOOD BASALT,PARANA / SOUTHERN PARANA PROVINCE / GRAMADO FORMATION,THOLEIITIC ANDESITE [1669],VOL,51.54,1.72,14.24,9.93,8.4,4.62,3.21
[1669][2952],CONTINENTAL FLOOD BASALT,PARANA / SOUTHERN PARANA PROVINCE / GRAMADO FORMATION,THOLEIITIC ANDESITE [1669],VOL,51.18,1.77,14.06,8.41,8.27,4.59,5.07
[1669][2952],CONTINENTAL FLOOD BASALT,PARANA / SOUTHERN PARANA PROVINCE / GRAMADO FORMATION,THOLEIITIC ANDESITE [1669],VOL,49.44,3.76,13.62,6.74,8.62,5.03,5.71
[1669][2952],CONTINENTAL FLOOD BASALT,PARANA / SOUTHERN PARANA PROVINCE / GRAMADO FORMATION,THOLEIITIC ANDESITE [1669],VOL,49.49,3.62,13.82,9.12,7.81,4.73,3.54
[1669],CONTINENTAL FLOOD BASALT,PARANA / SOUTHERN PARANA PROVINCE / GRAMADO FORMATION,THOLEIITIC ANDESITE [1669],VOL,49.3,3.87,13.75,6.28,8.37,4.62,6.59
[1669][2952],CONTINENTAL FLOOD BASALT,PARANA / SOUTHERN PARANA PROVINCE / GRAMADO FORMATION,THOLEIITIC ANDESITE [1669],VOL,50.86,3.53,14.21,5.74,8.3,4.33,6.06
[1669][2952],CONTINENTAL FLOOD BASALT,PARANA / SOUTHERN PARANA PROVINCE / GRAMADO FORMATION,THOLEIITIC ANDESITE [1669],VOL,54.53,1.75,13.76,8.25,7.09,3.94,4.45
[1669][2581][2952],CONTINENTAL FLOOD BASALT,PARANA / SOUTHERN PARANA PROVINCE / GRAMADO FORMATION,THOLEIITIC ANDESITE [1669],VOL,57.57,1.48,13.66,5.34,5.87,2.61,5.67
[1669][2952],CONTINENTAL FLOOD BASALT,PARANA / SOUTHERN PARANA PROVINCE / TURVO-BOM JESUS SEQUENCE,THOLEIITIC ANDESITE [1669],VOL,53.3,1.29,14.62,6.11,8.38,4.59,5.8
[1669][2952],CONTINENTAL FLOOD BASALT,PARANA / SOUTHERN PARANA PROVINCE,THOLEIITIC ANDESITE [1669],VOL,53.16,1.42,14.91,2.22,8.42,5.23,9.39
[1669][2952],CONTINENTAL FLOOD BASALT,PARANA / SOUTHERN PARANA PROVINCE,THOLEIITIC ANDESITE [1669],VOL,54.09,1.44,14.31,4.23,7.62,4.74,7.8
[2466],CONTINENTAL FLOOD BASALT,PARANA / SOUTHERN PARANA PROVINCE / GRAMADO FORMATION,THOLEIITIC BASALT [2466],VOL,51.63,0.98,15.73,2.31,10.31,5.78,8.05
[2466],CONTINENTAL FLOOD BASALT,PARANA / SOUTHERN PARANA PROVINCE / GRAMADO FORMATION,BASALTIC-ANDESITE [2466],VOL,52.16,3.49,13.78,3.75,7.94,4.21,7.98
[2466],CONTINENTAL FLOOD BASALT,PARANA / SOUTHERN PARANA PROVINCE / GRAMADO FORMATION,THOLEIITIC ANDESITE [2466],VOL,52.64,1.62,14.03,5.77,8.67,3.9,6.64
[2466],CONTINENTAL FLOOD BASALT,PARANA / SOUTHERN PARANA PROVINCE / ESMERALDA BASALT,THOLEIITIC BASALT [2466],VOL,50.88,1.07,15.22,3.08,10.67,6.52,7.3
[2466],CONTINENTAL FLOOD BASALT,PARANA / SOUTHERN PARANA PROVINCE / ESMERALDA BASALT,THOLEIITIC ANDESITE [2466],VOL,55.42,1.68,13.12,5.23,7.17,3.43,7.09
[2466],CONTINENTAL FLOOD BASALT,PARANA / SOUTHERN PARANA PROVINCE / ESMERALDA BASALT,THOLEIITIC ANDESITE [2466],VOL,51.83,1.67,14.06,5.71,8.78,4.19,7.14
[1056],OCEAN ISLAND,ICELAND / ICELAND,THOLEIITIC ANDESITE [1056],VOL,50.18,3.1,14.25,4.86,9.63,5.44,8.13
[1056],OCEAN ISLAND,ICELAND / ICELAND,THOLEIITIC ANDESITE [1056],VOL,57.55,2.13,14.34,5.27,6.63,3.03,5.08
[1056],OCEAN ISLAND,ICELAND / ICELAND,THOLEIITIC ANDESITE [1056],VOL,52.24,1.91,19.23,3.2,10.22,3.05,5.9
[1056],OCEAN ISLAND,ICELAND / ICELAND,THOLEIITIC ANDESITE [1056],VOL,55.98,2.5,14.53,4.9,6.79,3.3,6.7
[8263],COMPLEX VOLCANIC SETTINGS,HYBLEAN (IBLEAN) PLATEAU,THOLEIITIC ANDESITE [8263],VOL,52.99,1.55,16.06,1.96,8.39,6.51,8.04
[1086],OCEAN ISLAND,ICELAND / ICELAND,THOLEIITIC ANDESITE [1086],VOL,51.94,2.44,13.52,5.38,6.97,3.41,8.27
[2581],CONTINENTAL FLOOD BASALT,PARANA / SOUTHERN PARANA PROVINCE / GRAMADO FORMATION,THOLEIITIC ANDESITE [2581],VOL,49.73,1.01,15.43,4.23,11.23,5.69,6.21
[2581][2952],CONTINENTAL FLOOD BASALT,PARANA / SOUTHERN PARANA PROVINCE / GRAMADO FORMATION,THOLEIITIC ANDESITE [2581],VOL,49.9,1.32,14.41,7.08,10.72,5.85,5.6
[2581],CONTINENTAL FLOOD BASALT,PARANA / SOUTHERN PARANA PROVINCE / GRAMADO FORMATION,THOLEIITIC ANDESITE [2581],VOL,49.36,1.59,14.53,4.13,10.07,5.57,7.29
[2581][2949],CONTINENTAL FLOOD BASALT,PARANA / SOUTHERN PARANA PROVINCE / GRAMADO FORMATION,THOLEIITIC ANDESITE [2581] / THOLEIITIC BASALT [2949],VOL,50.9,1.67,14.82,4.39,8.67,4.15,8.27
[2654][2581][2872],CONTINENTAL FLOOD BASALT,PARANA / SOUTHERN PARANA PROVINCE / GRAMADO FORMATION,BASALT [2654] / THOLEIITIC ANDESITE [2581] / THOLEIITIC BASALT [2872],VOL,52.62,3.39,14.19,3.81,8.55,4.79,7.51
[2654][2581][2872],CONTINENTAL FLOOD BASALT,PARANA / SOUTHERN PARANA PROVINCE / GRAMADO FORMATION,BASALT [2654] / THOLEIITIC ANDESITE [2581] / THOLEIITIC BASALT [2872],VOL,50.44,3.76,13.89,5.36,9.34,4.84,7.52
[2581][2952],CONTINENTAL FLOOD BASALT,PARANA / SOUTHERN PARANA PROVINCE / GRAMADO FORMATION,THOLEIITIC ANDESITE [2581],VOL,49.72,3.52,13.53,5.1,8.52,4.35,7.26
[2654][2581][2872],CONTINENTAL FLOOD BASALT,PARANA / SOUTHERN PARANA PROVINCE / GRAMADO FORMATION,BASALT [2654] / THOLEIITIC ANDESITE [2581] / THOLEIITIC BASALT [2872],VOL,52.86,3.48,13.74,5.0,8.59,4.27,7.14
[2654][2581][2872],CONTINENTAL FLOOD BASALT,PARANA / SOUTHERN PARANA PROVINCE / GRAMADO FORMATION,BASALT [2654] / THOLEIITIC ANDESITE [2581] / THOLEIITIC BASALT [2872],VOL,52.21,3.41,14.24,4.33,8.35,4.52,7.39
[2654][2581][2872],CONTINENTAL FLOOD BASALT,PARANA / SOUTHERN PARANA PROVINCE / GRAMADO FORMATION,BASALT [2654] / THOLEIITIC ANDESITE [2581] / THOLEIITIC BASALT [2872],VOL,51.7,2.02,14.3,4.48,9.49,4.24,9.72
[1635],OCEAN ISLAND,ICELAND / ICELAND / BREIDDALUR,THOLEIITIC ANDESITE [1635],VOL,54.0,2.07,12.6,4.1,6.4,2.8,9.49
[1635],OCEAN ISLAND,ICELAND / ICELAND / BREIDDALUR,THOLEIITIC ANDESITE [1635],VOL,56.3,2.1,13.5,4.5,6.4,2.8,6.98
[1669],CONTINENTAL FLOOD BASALT,PARANA / SOUTHERN PARANA PROVINCE / GRAMADO FORMATION,THOLEIITIC ANDESITE [1669],VOL,51.25,1.35,14.56,8.93,8.53,5.44,3.53
[1669],CONTINENTAL FLOOD BASALT,PARANA / SOUTHERN PARANA PROVINCE / GRAMADO FORMATION,THOLEIITIC ANDESITE [1669],VOL,54.15,1.22,15.1,5.48,7.59,4.77,5.61
[1669],CONTINENTAL FLOOD BASALT,PARANA / SOUTHERN PARANA PROVINCE / GRAMADO FORMATION,THOLEIITIC ANDESITE [1669],VOL,52.97,1.69,14.77,6.68,8.18,4.59,5.36
[1669],CONTINENTAL FLOOD BASALT,PARANA / SOUTHERN PARANA PROVINCE / GRAMADO FORMATION,THOLEIITIC ANDESITE [1669],VOL,49.49,3.85,13.92,6.88,8.47,4.42,6.09
[1669],CONTINENTAL FLOOD BASALT,PARANA / SOUTHERN PARANA PROVINCE / GRAMADO FORMATION,THOLEIITIC ANDESITE [1669],VOL,50.07,3.86,13.38,6.18,8.62,4.46,6.42
[1669],CONTINENTAL FLOOD BASALT,PARANA / SOUTHERN PARANA PROVINCE / TURVO-BOM JESUS SEQUENCE,THOLEIITIC ANDESITE [1669],VOL,52.51,1.47,14.74,5.95,8.03,4.66,6.16
[1669],CONTINENTAL FLOOD BASALT,PARANA / SOUTHERN PARANA PROVINCE / TURVO-BOM JESUS SEQUENCE,THOLEIITIC ANDESITE [1669],VOL,54.67,1.19,14.84,4.66,7.35,4.57,6.57
[1669],CONTINENTAL FLOOD BASALT,PARANA / SOUTHERN PARANA PROVINCE / TURVO-BOM JESUS SEQUENCE,THOLEIITIC ANDESITE [1669],VOL,53.31,1.46,14.74,4.1,7.9,4.51,8.03
[1669],CONTINENTAL FLOOD BASALT,PARANA / SOUTHERN PARANA PROVINCE / TURVO-BOM JESUS SEQUENCE,THOLEIITIC ANDESITE [1669],VOL,51.24,3.32,14.85,7.54,8.03,5.33,3.66
[1669],CONTINENTAL FLOOD BASALT,PARANA / SOUTHERN PARANA PROVINCE / TURVO-BOM JESUS SEQUENCE,THOLEIITIC ANDESITE [1669],VOL,56.54,1.66,14.16,4.99,6.13,3.54,6.31
[1669],CONTINENTAL FLOOD BASALT,PARANA / NORTHERN PARANA PROVINCE,THOLEIITIC ANDESITE [1669],VOL,50.48,2.07,14.86,4.72,9.01,5.31,8.04
[1669],CONTINENTAL FLOOD BASALT,PARANA / SOUTHERN PARANA PROVINCE,THOLEIITIC ANDESITE [1669],VOL,53.91,2.8,14.19,3.85,7.93,4.83,6.26
[1669],CONTINENTAL FLOOD BASALT,PARANA / SOUTHERN PARANA PROVINCE,THOLEIITIC ANDESITE [1669],VOL,52.24,3.39,14.5,6.25,7.65,4.82,4.73
[2466],CONTINENTAL FLOOD BASALT,PARANA / SOUTHERN PARANA PROVINCE / GRAMADO FORMATION,THOLEIITIC ANDESITE [2466],VOL,52.53,1.29,14.38,4.06,8.85,5.03,7.93
[2466],CONTINENTAL FLOOD BASALT,PARANA / SOUTHERN PARANA PROVINCE / GRAMADO FORMATION,THOLEIITIC ANDESITE [2466],VOL,53.63,1.8,14.06,3.37,8.31,2.99,8.76
[2466],CONTINENTAL FLOOD BASALT,PARANA / SOUTHERN PARANA PROVINCE / GRAMADO FORMATION,THOLEIITIC ANDESITE [2466],VOL,54.21,1.43,13.61,4.58,7.99,4.74,7.2
[2466],CONTINENTAL FLOOD BASALT,PARANA / SOUTHERN PARANA PROVINCE / GRAMADO FORMATION,THOLEIITIC ANDESITE [2466],VOL,52.95,1.75,13.52,4.77,7.93,4.13,7.9
[2466],CONTINENTAL FLOOD BASALT,PARANA / SOUTHERN PARANA PROVINCE / GRAMADO FORMATION,THOLEIITIC ANDESITE [2466],VOL,53.11,1.63,13.71,4.03,8.67,4.39,8.83
[2466],CONTINENTAL FLOOD BASALT,PARANA / SOUTHERN PARANA PROVINCE / GRAMADO FORMATION,THOLEIITIC ANDESITE [2466],VOL,52.04,1.65,13.56,5.71,9.24,4.53,6.98
[2466],CONTINENTAL FLOOD BASALT,PARANA / SOUTHERN PARANA PROVINCE / GRAMADO FORMATION,THOLEIITIC ANDESITE [2466],VOL,53.1,1.64,13.66,4.55,8.91,4.4,7.24
[2466],CONTINENTAL FLOOD BASALT,PARANA / SOUTHERN PARANA PROVINCE / GRAMADO FORMATION,THOLEIITIC ANDESITE [2466],VOL,58.76,1.42,11.27,2.32,7.5,3.95,8.17
[2466],CONTINENTAL FLOOD BASALT,PARANA / SOUTHERN PARANA PROVINCE / GRAMADO FORMATION,THOLEIITIC ANDESITE [2466],VOL,55.95,1.7,13.34,4.93,5.7,3.91,6.78
[2466],CONTINENTAL FLOOD BASALT,PARANA / SOUTHERN PARANA PROVINCE / GRAMADO FORMATION,THOLEIITIC ANDESITE [2466],VOL,57.48,1.39,13.64,3.24,6.8,3.6,7.19
[2466],CONTINENTAL FLOOD BASALT,PARANA / SOUTHERN PARANA PROVINCE / GRAMADO FORMATION,THOLEIITIC ANDESITE [2466],VOL,57.46,1.68,14.1,3.38,6.51,1.99,7.21
[2466],CONTINENTAL FLOOD BASALT,PARANA / SOUTHERN PARANA PROVINCE / GRAMADO FORMATION,THOLEIITIC ANDESITE [2466],VOL,51.56,1.45,14.8,3.73,8.68,4.23,8.37
[2466],CONTINENTAL FLOOD BASALT,PARANA / SOUTHERN PARANA PROVINCE / GRAMADO FORMATION,THOLEIITIC ANDESITE [2466],VOL,51.75,1.46,14.89,3.4,10.14,4.64,7.37
[2466],CONTINENTAL FLOOD BASALT,PARANA / SOUTHERN PARANA PROVINCE / GRAMADO FORMATION,THOLEIITIC ANDESITE [2466],VOL,55.77,1.73,13.49,3.94,6.27,4.98,8.07
[2466],CONTINENTAL FLOOD BASALT,PARANA / SOUTHERN PARANA PROVINCE / GRAMADO FORMATION,THOLEIITIC ANDESITE [2466],VOL,51.53,1.22,15.41,3.22,9.34,4.83,7.74
[2466],CONTINENTAL FLOOD BASALT,PARANA / SOUTHERN PARANA PROVINCE / ESMERALDA BASALT,THOLEIITIC ANDESITE [2466],VOL,55.62,1.43,13.7,3.74,7.34,3.95,7.79
[2466],CONTINENTAL FLOOD BASALT,PARANA / SOUTHERN PARANA PROVINCE / ESMERALDA BASALT,THOLEIITIC ANDESITE [2466],VOL,54.95,1.34,13.54,3.98,8.13,4.47,7.8
[2466],CONTINENTAL FLOOD BASALT,PARANA / SOUTHERN PARANA PROVINCE / ESMERALDA BASALT,THOLEIITIC ANDESITE [2466],VOL,53.59,1.37,13.81,4.23,8.32,4.19,7.7
[2466],CONTINENTAL FLOOD BASALT,PARANA / SOUTHERN PARANA PROVINCE / ESMERALDA BASALT,THOLEIITIC ANDESITE [2466],VOL,53.87,1.57,13.57,4.29,8.15,4.35,8.31
[2466],CONTINENTAL FLOOD BASALT,PARANA / SOUTHERN PARANA PROVINCE / ESMERALDA BASALT,THOLEIITIC ANDESITE [2466],VOL,53.37,1.6,13.69,4.81,8.24,4.27,7.86
[2466],CONTINENTAL FLOOD BASALT,PARANA / SOUTHERN PARANA PROVINCE / ESMERALDA BASALT,THOLEIITIC ANDESITE [2466],VOL,53.05,1.6,13.83,5.41,8.18,4.37,7.41
[2466],CONTINENTAL FLOOD BASALT,PARANA / SOUTHERN PARANA PROVINCE / ESMERALDA BASALT,THOLEIITIC ANDESITE [2466],VOL,56.4,1.65,13.52,5.57,6.18,3.33,6.14
[2466],CONTINENTAL FLOOD BASALT,PARANA / SOUTHERN PARANA PROVINCE / ESMERALDA BASALT,THOLEIITIC ANDESITE [2466],VOL,51.72,1.28,14.68,4.35,9.55,4.83,7.49
[2466],CONTINENTAL FLOOD BASALT,PARANA / SOUTHERN PARANA PROVINCE / TERRA DE AREIA-ARATINGA SERIES,THOLEIITIC ANDESITE [2466],VOL,54.22,1.12,15.35,2.96,8.67,4.95,6.63
[2466],CONTINENTAL FLOOD BASALT,PARANA / SOUTHERN PARANA PROVINCE / TERRA DE AREIA-ARATINGA SERIES,THOLEIITIC ANDESITE [2466],VOL,54.09,1.19,14.93,3.49,8.45,5.4,6.6
[2466],CONTINENTAL FLOOD BASALT,PARANA / SOUTHERN PARANA PROVINCE / TERRA DE AREIA-ARATINGA SERIES,THOLEIITIC ANDESITE [2466],VOL,55.4,1.41,13.26,4.37,7.25,4.0,7.77
[2466],CONTINENTAL FLOOD BASALT,PARANA / SOUTHERN PARANA PROVINCE / TERRA DE AREIA-ARATINGA SERIES,THOLEIITIC ANDESITE [2466],VOL,55.63,1.61,13.4,3.48,7.35,2.71,8.83
[2466],CONTINENTAL FLOOD BASALT,PARANA / SOUTHERN PARANA PROVINCE / TERRA DE AREIA-ARATINGA SERIES,THOLEIITIC ANDESITE [2466],VOL,52.42,1.41,14.7,4.42,8.44,3.61,8.05
[2466],CONTINENTAL FLOOD BASALT,PARANA / SOUTHERN PARANA PROVINCE / TERRA DE AREIA-ARATINGA SERIES,THOLEIITIC ANDESITE [2466],VOL,55.5,1.43,13.82,3.52,7.49,3.93,7.97
[2466],CONTINENTAL FLOOD BASALT,PARANA / SOUTHERN PARANA PROVINCE / TERRA DE AREIA-ARATINGA SERIES,THOLEIITIC ANDESITE [2466],VOL,51.87,1.08,15.35,3.5,9.52,5.14,7.2
[2466],CONTINENTAL FLOOD BASALT,PARANA / SOUTHERN PARANA PROVINCE / TERRA DE AREIA-ARATINGA SERIES,THOLEIITIC ANDESITE [2466],VOL,52.19,1.33,15.06,4.68,9.41,4.61,5.97
[2466],CONTINENTAL FLOOD BASALT,PARANA / SOUTHERN PARANA PROVINCE / TERRA DE AREIA-ARATINGA SERIES,THOLEIITIC ANDESITE [2466],VOL,56.28,1.61,12.72,4.47,6.67,3.04,7.83
[2466],CONTINENTAL FLOOD BASALT,PARANA / SOUTHERN PARANA PROVINCE / TERRA DE AREIA-ARATINGA SERIES,THOLEIITIC ANDESITE [2466],VOL,55.1,1.65,14.62,3.97,7.59,2.37,8.7
[2466],CONTINENTAL FLOOD BASALT,PARANA / SOUTHERN PARANA PROVINCE / TERRA DE AREIA-ARATINGA SERIES,THOLEIITIC ANDESITE [2466],VOL,51.33,1.79,15.5,3.3,9.35,4.83,7.42
[2466],CONTINENTAL FLOOD BASALT,PARANA / SOUTHERN PARANA PROVINCE / TERRA DE AREIA-ARATINGA SERIES,THOLEIITIC ANDESITE [2466],VOL,53.18,1.32,14.34,4.39,8.93,4.53,7.08
[2466],CONTINENTAL FLOOD BASALT,PARANA / SOUTHERN PARANA PROVINCE / TERRA DE AREIA-ARATINGA SERIES,THOLEIITIC ANDESITE [2466],VOL,55.46,0.95,13.2,3.68,8.06,4.33,7.71
[2466],CONTINENTAL FLOOD BASALT,PARANA / SOUTHERN PARANA PROVINCE / BARRA DO OURO-MORRINHOS SERIES,THOLEIITIC ANDESITE [2466],VOL,58.11,1.76,12.29,3.0,6.0,2.15,9.4
[2466],CONTINENTAL FLOOD BASALT,PARANA / SOUTHERN PARANA PROVINCE / BARRA DO OURO-MORRINHOS SERIES,THOLEIITIC ANDESITE [2466],VOL,52.71,1.3,16.11,5.35,8.45,3.65,5.19
[2466],CONTINENTAL FLOOD BASALT,PARANA / SOUTHERN PARANA PROVINCE / BARRA DO OURO-MORRINHOS SERIES,THOLEIITIC ANDESITE [2466],VOL,57.82,1.71,12.3,3.45,6.04,2.06,8.76
[2466],CONTINENTAL FLOOD BASALT,PARANA / SOUTHERN PARANA PROVINCE / BARRA DO OURO-MORRINHOS SERIES,THOLEIITIC ANDESITE [2466],VOL,54.87,1.21,14.1,2.41,7.99,5.01,7.49
[2466],CONTINENTAL FLOOD BASALT,PARANA / SOUTHERN PARANA PROVINCE / BARRA DO OURO-MORRINHOS SERIES,THOLEIITIC ANDESITE [2466],VOL,53.23,0.98,14.18,1.02,9.86,5.21,9.03
[2466],CONTINENTAL FLOOD BASALT,PARANA / SOUTHERN PARANA PROVINCE / BARRA DO OURO-MORRINHOS SERIES,THOLEIITIC ANDESITE [2466],VOL,51.81,1.29,15.03,5.19,8.77,4.71,6.28
[2466],CONTINENTAL FLOOD BASALT,PARANA / SOUTHERN PARANA PROVINCE / BARRA DO OURO-MORRINHOS SERIES,THOLEIITIC ANDESITE [2466],VOL,51.13,1.2,14.08,4.44,10.03,5.45,6.7
[2581],CONTINENTAL FLOOD BASALT,PARANA / SOUTHERN PARANA PROVINCE / GRAMADO FORMATION,THOLEIITIC ANDESITE [2581],VOL,51.57,0.81,14.86,2.07,10.84,7.83,7.1
[2581],CONTINENTAL FLOOD BASALT,PARANA / SOUTHERN PARANA PROVINCE / GRAMADO FORMATION,THOLEIITIC ANDESITE [2581],VOL,51.42,0.8,14.93,2.18,10.86,7.79,6.97
[2581],CONTINENTAL FLOOD BASALT,PARANA / SOUTHERN PARANA PROVINCE / GRAMADO FORMATION,THOLEIITIC ANDESITE [2581],VOL,50.74,0.99,15.44,2.75,10.24,6.38,7.62
[2581],CONTINENTAL FLOOD BASALT,PARANA / SOUTHERN PARANA PROVINCE / GRAMADO FORMATION,THOLEIITIC ANDESITE [2581],VOL,50.6,0.96,15.42,2.26,10.1,5.66,7.89
[2581],CONTINENTAL FLOOD BASALT,PARANA / SOUTHERN PARANA PROVINCE / GRAMADO FORMATION,THOLEIITIC ANDESITE [2581],VOL,52.06,1.26,13.68,3.34,8.64,6.5,8.16
[2581],CONTINENTAL FLOOD BASALT,PARANA / SOUTHERN PARANA PROVINCE / GRAMADO FORMATION,THOLEIITIC ANDESITE [2581],VOL,51.29,1.3,13.54,4.56,9.91,5.71,7.68
[2581],CONTINENTAL FLOOD BASALT,PARANA / SOUTHERN PARANA PROVINCE / GRAMADO FORMATION,THOLEIITIC ANDESITE [2581],VOL,50.26,1.55,14.52,3.77,10.17,5.18,7.52
[2581],CONTINENTAL FLOOD BASALT,PARANA / SOUTHERN PARANA PROVINCE / GRAMADO FORMATION,THOLEIITIC ANDESITE [2581],VOL,51.85,1.05,15.14,3.42,9.42,5.67,7.22
[2581],CONTINENTAL FLOOD BASALT,PARANA / SOUTHERN PARANA PROVINCE / GRAMADO FORMATION,THOLEIITIC ANDESITE [2581],VOL,53.02,1.2,14.2,5.41,8.19,5.5,6.14
[2581],CONTINENTAL FLOOD BASALT,PARANA / SOUTHERN PARANA PROVINCE / GRAMADO FORMATION,THOLEIITIC ANDESITE [2581],VOL,48.91,1.42,15.17,3.24,8.8,5.29,8.36
[2581],CONTINENTAL FLOOD BASALT,PARANA / SOUTHERN PARANA PROVINCE / GRAMADO FORMATION,THOLEIITIC ANDESITE [2581],VOL,51.75,1.46,14.89,3.4,10.14,4.64,7.37
[2581],CONTINENTAL FLOOD BASALT,PARANA / SOUTHERN PARANA PROVINCE / GRAMADO FORMATION,THOLEIITIC ANDESITE [2581],VOL,51.53,1.22,15.41,3.22,9.34,4.83,7.74
[2581],CONTINENTAL FLOOD BASALT,PARANA / SOUTHERN PARANA PROVINCE / GRAMADO FORMATION,THOLEIITIC ANDESITE [2581],VOL,53.42,1.3,13.87,2.8,9.16,4.97,8.8
[2581],CONTINENTAL FLOOD BASALT,PARANA / SOUTHERN PARANA PROVINCE / GRAMADO FORMATION,THOLEIITIC ANDESITE [2581],VOL,53.28,1.34,13.77,4.46,8.39,4.82,7.2
[2581],CONTINENTAL FLOOD BASALT,PARANA / SOUTHERN PARANA PROVINCE / GRAMADO FORMATION,THOLEIITIC ANDESITE [2581],VOL,51.94,1.37,14.78,5.14,8.74,4.83,6.67
[2581],CONTINENTAL FLOOD BASALT,PARANA / SOUTHERN PARANA PROVINCE / GRAMADO FORMATION,THOLEIITIC ANDESITE [2581],VOL,52.85,1.38,13.66,4.89,8.44,4.77,7.2
[2581],CONTINENTAL FLOOD BASALT,PARANA / SOUTHERN PARANA PROVINCE / GRAMADO FORMATION,THOLEIITIC ANDESITE [2581],VOL,52.27,1.24,15.4,1.97,8.75,4.54,8.82
[2581],CONTINENTAL FLOOD BASALT,PARANA / SOUTHERN PARANA PROVINCE / GRAMADO FORMATION,THOLEIITIC ANDESITE [2581],VOL,53.1,1.64,13.66,4.55,8.91,4.4,7.24
[2581],CONTINENTAL FLOOD BASALT,PARANA / SOUTHERN PARANA PROVINCE / GRAMADO FORMATION,THOLEIITIC ANDESITE [2581],VOL,54.41,1.38,13.63,4.88,8.4,4.61,6.91
[2581],CONTINENTAL FLOOD BASALT,PARANA / SOUTHERN PARANA PROVINCE / GRAMADO FORMATION,THOLEIITIC ANDESITE [2581],VOL,53.64,1.68,13.39,3.72,8.75,4.56,8.57
[2581],CONTINENTAL FLOOD BASALT,PARANA / SOUTHERN PARANA PROVINCE / GRAMADO FORMATION,THOLEIITIC ANDESITE [2581],VOL,52.04,1.65,13.56,5.71,9.24,4.53,6.98
[2581],CONTINENTAL FLOOD BASALT,PARANA / SOUTHERN PARANA PROVINCE / GRAMADO FORMATION,THOLEIITIC ANDESITE [2581],VOL,51.09,1.69,13.81,4.59,8.73,4.52,8.39
[2581],CONTINENTAL FLOOD BASALT,PARANA / SOUTHERN PARANA PROVINCE / GRAMADO FORMATION,THOLEIITIC ANDESITE [2581],VOL,52.81,1.61,13.55,5.8,8.72,4.34,6.97
[2581],CONTINENTAL FLOOD BASALT,PARANA / SOUTHERN PARANA PROVINCE / GRAMADO FORMATION,THOLEIITIC ANDESITE [2581],VOL,53.11,1.63,13.71,4.03,8.67,4.39,8.83
[2581],CONTINENTAL FLOOD BASALT,PARANA / SOUTHERN PARANA PROVINCE / GRAMADO FORMATION,THOLEIITIC ANDESITE [2581],VOL,51.56,1.45,14.8,3.73,8.68,4.23,8.37
[2581],CONTINENTAL FLOOD BASALT,PARANA / SOUTHERN PARANA PROVINCE / GRAMADO FORMATION,THOLEIITIC ANDESITE [2581],VOL,52.07,1.8,13.6,6.55,7.46,4.43,6.53
[2581],CONTINENTAL FLOOD BASALT,PARANA / SOUTHERN PARANA PROVINCE / GRAMADO FORMATION,THOLEIITIC ANDESITE [2581],VOL,51.11,1.78,13.62,6.04,9.28,4.24,7.55
[2581],CONTINENTAL FLOOD BASALT,PARANA / SOUTHERN PARANA PROVINCE / GRAMADO FORMATION,THOLEIITIC ANDESITE [2581],VOL,52.71,1.71,13.1,5.89,8.78,4.11,7.51
[2581],CONTINENTAL FLOOD BASALT,PARANA / SOUTHERN PARANA PROVINCE / GRAMADO FORMATION,THOLEIITIC ANDESITE [2581],VOL,52.64,1.62,14.03,5.77,8.67,3.9,6.64
[2581],CONTINENTAL FLOOD BASALT,PARANA / SOUTHERN PARANA PROVINCE / GRAMADO FORMATION,THOLEIITIC ANDESITE [2581],VOL,53.04,1.32,13.88,6.34,7.52,3.57,5.85
[2581],CONTINENTAL FLOOD BASALT,PARANA / SOUTHERN PARANA PROVINCE / GRAMADO FORMATION,THOLEIITIC ANDESITE [2581],VOL,53.15,1.77,13.56,4.05,7.59,3.39,8.61
[2581],CONTINENTAL FLOOD BASALT,PARANA / SOUTHERN PARANA PROVINCE / GRAMADO FORMATION,THOLEIITIC ANDESITE [2581],VOL,53.09,1.78,13.92,3.34,8.23,2.96,8.67
[2581],CONTINENTAL FLOOD BASALT,PARANA / SOUTHERN PARANA PROVINCE / GRAMADO FORMATION,THOLEIITIC ANDESITE [2581],VOL,51.16,3.43,13.55,3.7,8.34,4.38,7.99
[2581],CONTINENTAL FLOOD BASALT,PARANA / SOUTHERN PARANA PROVINCE / GRAMADO FORMATION,THOLEIITIC ANDESITE [2581],VOL,50.66,3.73,12.88,6.22,7.81,4.52,6.16
[2581],CONTINENTAL FLOOD BASALT,PARANA / SOUTHERN PARANA PROVINCE / GRAMADO FORMATION,THOLEIITIC ANDESITE [2581],VOL,51.97,3.48,13.96,3.15,8.27,4.25,8.18
[2581],CONTINENTAL FLOOD BASALT,PARANA / SOUTHERN PARANA PROVINCE / GRAMADO FORMATION,THOLEIITIC ANDESITE [2581],VOL,51.26,3.49,13.34,3.35,8.23,4.26,8.02
[2581],CONTINENTAL FLOOD BASALT,PARANA / SOUTHERN PARANA PROVINCE / GRAMADO FORMATION,THOLEIITIC ANDESITE [2581],VOL,51.64,3.58,12.98,3.29,8.54,4.34,8.91
[2581],CONTINENTAL FLOOD BASALT,PARANA / SOUTHERN PARANA PROVINCE / GRAMADO FORMATION,THOLEIITIC ANDESITE [2581],VOL,51.35,3.78,13.1,6.47,7.57,4.37,5.91
[2581],CONTINENTAL FLOOD BASALT,PARANA / SOUTHERN PARANA PROVINCE / GRAMADO FORMATION,THOLEIITIC ANDESITE [2581],VOL,51.68,3.46,13.5,3.93,8.08,4.24,7.34
[2581],CONTINENTAL FLOOD BASALT,PARANA / SOUTHERN PARANA PROVINCE / GRAMADO FORMATION,THOLEIITIC ANDESITE [2581],VOL,51.3,3.43,13.33,4.27,7.45,4.09,7.63
[2581],CONTINENTAL FLOOD BASALT,PARANA / SOUTHERN PARANA PROVINCE / GRAMADO FORMATION,THOLEIITIC ANDESITE [2581],VOL,55.77,1.73,13.49,3.94,6.27,4.98,8.07
[2581],CONTINENTAL FLOOD BASALT,PARANA / SOUTHERN PARANA PROVINCE / GRAMADO FORMATION,THOLEIITIC ANDESITE [2581],VOL,58.76,1.42,11.27,2.32,7.5,3.95,8.17
[2581],CONTINENTAL FLOOD BASALT,PARANA / SOUTHERN PARANA PROVINCE / GRAMADO FORMATION,THOLEIITIC ANDESITE [2581],VOL,55.6,1.63,13.14,3.97,7.57,3.87,8.16
[2581],CONTINENTAL FLOOD BASALT,PARANA / SOUTHERN PARANA PROVINCE / GRAMADO FORMATION,THOLEIITIC ANDESITE [2581],VOL,56.46,1.5,13.39,3.42,6.46,3.15,6.96
[2581],CONTINENTAL FLOOD BASALT,PARANA / SOUTHERN PARANA PROVINCE / GRAMADO FORMATION,THOLEIITIC ANDESITE [2581],VOL,57.46,1.68,14.1,3.38,6.51,1.99,7.21
[2581],CONTINENTAL FLOOD BASALT,PARANA / SOUTHERN PARANA PROVINCE / GRAMADO FORMATION,THOLEIITIC ANDESITE [2581],VOL,51.21,3.7,12.65,7.34,6.02,4.29,4.94
[2581],CONTINENTAL FLOOD BASALT,PARANA / SOUTHERN PARANA PROVINCE / GRAMADO FORMATION,THOLEIITIC ANDESITE [2581],VOL,55.95,1.7,13.34,4.93,5.7,3.91,6.78
[2581],CONTINENTAL FLOOD BASALT,PARANA / SOUTHERN PARANA PROVINCE / GRAMADO FORMATION,THOLEIITIC ANDESITE [2581],VOL,52.85,1.98,13.46,5.98,7.22,2.97,7.91
[2581],CONTINENTAL FLOOD BASALT,PARANA / SOUTHERN PARANA PROVINCE / ESMERALDA BASALT,THOLEIITIC ANDESITE [2581],VOL,51.97,1.01,14.59,2.79,10.96,7.05,7.24
[2581],CONTINENTAL FLOOD BASALT,PARANA / SOUTHERN PARANA PROVINCE / ESMERALDA BASALT,THOLEIITIC ANDESITE [2581],VOL,49.79,1.13,15.84,3.37,10.37,5.98,7.36
[2581],CONTINENTAL FLOOD BASALT,PARANA / SOUTHERN PARANA PROVINCE / ESMERALDA BASALT,THOLEIITIC ANDESITE [2581],VOL,52.29,1.26,14.17,3.7,9.83,6.13,8.04
[2581],CONTINENTAL FLOOD BASALT,PARANA / SOUTHERN PARANA PROVINCE / ESMERALDA BASALT,THOLEIITIC ANDESITE [2581],VOL,51.01,1.35,14.9,3.91,9.81,5.42,7.78
[2581],CONTINENTAL FLOOD BASALT,PARANA / SOUTHERN PARANA PROVINCE / ESMERALDA BASALT,THOLEIITIC ANDESITE [2581],VOL,52.25,1.26,13.91,5.94,8.86,5.87,6.18
[2581],CONTINENTAL FLOOD BASALT,PARANA / SOUTHERN PARANA PROVINCE / ESMERALDA BASALT,THOLEIITIC ANDESITE [2581],VOL,50.99,1.24,13.63,4.25,8.33,6.22,7.43
[2581],CONTINENTAL FLOOD BASALT,PARANA / SOUTHERN PARANA PROVINCE / ESMERALDA BASALT,THOLEIITIC ANDESITE [2581],VOL,50.36,2.12,15.02,5.0,9.24,5.04,6.69
[2581],CONTINENTAL FLOOD BASALT,PARANA / SOUTHERN PARANA PROVINCE / ESMERALDA BASALT,THOLEIITIC ANDESITE [2581],VOL,51.72,1.28,14.68,4.35,9.55,4.83,7.49
[2581],CONTINENTAL FLOOD BASALT,PARANA / SOUTHERN PARANA PROVINCE / ESMERALDA BASALT,THOLEIITIC ANDESITE [2581],VOL,52.49,1.38,13.45,5.06,8.39,4.82,7.28
[2581],CONTINENTAL FLOOD BASALT,PARANA / SOUTHERN PARANA PROVINCE / ESMERALDA BASALT,THOLEIITIC ANDESITE [2581],VOL,51.65,1.42,14.79,4.07,9.19,4.47,7.63
[2581],CONTINENTAL FLOOD BASALT,PARANA / SOUTHERN PARANA PROVINCE / ESMERALDA BASALT,THOLEIITIC ANDESITE [2581],VOL,51.28,1.71,13.75,5.51,9.37,4.68,7.38
[2581],CONTINENTAL FLOOD BASALT,PARANA / SOUTHERN PARANA PROVINCE / ESMERALDA BASALT,THOLEIITIC ANDESITE [2581],VOL,54.95,1.34,13.54,3.98,8.13,4.47,7.8
[2581],CONTINENTAL FLOOD BASALT,PARANA / SOUTHERN PARANA PROVINCE / ESMERALDA BASALT,THOLEIITIC ANDESITE [2581],VOL,52.85,1.56,13.84,5.57,8.59,4.57,7.38
[2581],CONTINENTAL FLOOD BASALT,PARANA / SOUTHERN PARANA PROVINCE / ESMERALDA BASALT,THOLEIITIC ANDESITE [2581],VOL,55.61,1.28,13.51,3.02,8.03,4.42,8.7
[2581],CONTINENTAL FLOOD BASALT,PARANA / SOUTHERN PARANA PROVINCE / ESMERALDA BASALT,THOLEIITIC ANDESITE [2581],VOL,54.13,1.57,13.54,5.5,7.78,4.48,6.97
[2581],CONTINENTAL FLOOD BASALT,PARANA / SOUTHERN PARANA PROVINCE / ESMERALDA BASALT,THOLEIITIC ANDESITE [2581],VOL,52.76,1.63,13.97,4.78,8.21,4.31,7.64
[2581],CONTINENTAL FLOOD BASALT,PARANA / SOUTHERN PARANA PROVINCE / ESMERALDA BASALT,THOLEIITIC ANDESITE [2581],VOL,53.87,1.57,13.57,4.29,8.15,4.35,8.31
[2581],CONTINENTAL FLOOD BASALT,PARANA / SOUTHERN PARANA PROVINCE / ESMERALDA BASALT,THOLEIITIC ANDESITE [2581],VOL,53.15,1.67,13.51,5.46,8.27,4.26,7.4
[2581],CONTINENTAL FLOOD BASALT,PARANA / SOUTHERN PARANA PROVINCE / ESMERALDA BASALT,THOLEIITIC ANDESITE [2581],VOL,53.81,1.57,13.58,4.56,8.2,4.34,8.36
[2581],CONTINENTAL FLOOD BASALT,PARANA / SOUTHERN PARANA PROVINCE / ESMERALDA BASALT,THOLEIITIC ANDESITE [2581],VOL,52.94,1.64,13.79,5.06,8.28,4.19,7.36
[2581],CONTINENTAL FLOOD BASALT,PARANA / SOUTHERN PARANA PROVINCE / ESMERALDA BASALT,THOLEIITIC ANDESITE [2581],VOL,52.16,1.67,14.1,5.16,8.17,4.07,7.89
[2581],CONTINENTAL FLOOD BASALT,PARANA / SOUTHERN PARANA PROVINCE / ESMERALDA BASALT,THOLEIITIC ANDESITE [2581],VOL,52.62,1.63,13.98,5.16,8.4,3.86,7.58
[2581],CONTINENTAL FLOOD BASALT,PARANA / SOUTHERN PARANA PROVINCE / ESMERALDA BASALT,THOLEIITIC ANDESITE [2581],VOL,54.69,1.33,14.17,3.4,8.26,3.55,8.11
[2581],CONTINENTAL FLOOD BASALT,PARANA / SOUTHERN PARANA PROVINCE / ESMERALDA BASALT,THOLEIITIC ANDESITE [2581],VOL,54.2,1.44,14.11,3.96,7.91,3.57,7.87
[2581],CONTINENTAL FLOOD BASALT,PARANA / SOUTHERN PARANA PROVINCE / ESMERALDA BASALT,THOLEIITIC ANDESITE [2581],VOL,48.21,3.68,14.02,7.27,9.16,4.06,5.86
[2581],CONTINENTAL FLOOD BASALT,PARANA / SOUTHERN PARANA PROVINCE / ESMERALDA BASALT,THOLEIITIC ANDESITE [2581],VOL,54.81,1.31,13.75,3.41,8.2,4.33,8.48
[2581],CONTINENTAL FLOOD BASALT,PARANA / SOUTHERN PARANA PROVINCE / ESMERALDA BASALT,THOLEIITIC ANDESITE [2581],VOL,55.78,1.67,13.65,5.43,6.12,3.44,6.04
[2581],CONTINENTAL FLOOD BASALT,PARANA / SOUTHERN PARANA PROVINCE / ESMERALDA BASALT,THOLEIITIC ANDESITE [2581],VOL,56.05,1.68,13.65,6.33,6.22,3.28,5.63
[2581],CONTINENTAL FLOOD BASALT,PARANA / SOUTHERN PARANA PROVINCE / ESMERALDA BASALT,THOLEIITIC ANDESITE [2581],VOL,57.38,1.6,13.25,4.94,6.19,3.26,6.75
[2581],CONTINENTAL FLOOD BASALT,PARANA / SOUTHERN PARANA PROVINCE / ESMERALDA BASALT,THOLEIITIC ANDESITE [2581],VOL,54.65,1.26,13.29,9.19,5.34,3.06,2.09
[2581],CONTINENTAL FLOOD BASALT,PARANA / SOUTHERN PARANA PROVINCE / ESMERALDA BASALT,THOLEIITIC ANDESITE [2581],VOL,56.43,1.7,13.84,4.8,5.8,3.09,6.18
[2581],CONTINENTAL FLOOD BASALT,PARANA / SOUTHERN PARANA PROVINCE / ESMERALDA BASALT,THOLEIITIC ANDESITE [2581],VOL,54.99,1.71,14.35,3.98,6.41,2.73,7.48
[2581],CONTINENTAL FLOOD BASALT,PARANA / SOUTHERN PARANA PROVINCE / ESMERALDA BASALT,THOLEIITIC ANDESITE [2581],VOL,51.17,1.35,14.38,10.13,6.69,3.33,1.89
[2581],CONTINENTAL FLOOD BASALT,PARANA / SOUTHERN PARANA PROVINCE / ESMERALDA BASALT,THOLEIITIC ANDESITE [2581],VOL,51.95,0.96,13.92,2.36,9.99,6.2,7.94
[2581],CONTINENTAL FLOOD BASALT,PARANA / SOUTHERN PARANA PROVINCE / ESMERALDA BASALT,THOLEIITIC ANDESITE [2581],VOL,50.31,1.14,14.86,6.57,9.57,5.31,3.66
[2581],CONTINENTAL FLOOD BASALT,PARANA / SOUTHERN PARANA PROVINCE / ESMERALDA BASALT,THOLEIITIC ANDESITE [2581],VOL,52.26,1.14,15.3,3.82,9.42,5.22,6.35
[2581],CONTINENTAL FLOOD BASALT,PARANA / SOUTHERN PARANA PROVINCE / ESMERALDA BASALT,THOLEIITIC ANDESITE [2581],VOL,54.51,1.18,14.45,3.49,8.45,5.4,6.6
[2581],CONTINENTAL FLOOD BASALT,PARANA / SOUTHERN PARANA PROVINCE / ESMERALDA BASALT,THOLEIITIC ANDESITE [2581],VOL,54.22,1.12,15.35,2.96,8.67,4.95,6.63
[2581],CONTINENTAL FLOOD BASALT,PARANA / SOUTHERN PARANA PROVINCE / ESMERALDA BASALT,THOLEIITIC ANDESITE [2581],VOL,52.74,1.15,13.99,4.35,9.51,5.4,7.25
[2581],CONTINENTAL FLOOD BASALT,PARANA / SOUTHERN PARANA PROVINCE / ESMERALDA BASALT,THOLEIITIC ANDESITE [2581],VOL,51.26,1.37,13.59,4.45,8.94,5.59,7.62
[2581],CONTINENTAL FLOOD BASALT,PARANA / SOUTHERN PARANA PROVINCE / ESMERALDA BASALT,THOLEIITIC ANDESITE [2581],VOL,51.87,1.08,15.35,3.5,9.52,5.14,7.2
[2581],CONTINENTAL FLOOD BASALT,PARANA / SOUTHERN PARANA PROVINCE / ESMERALDA BASALT,THOLEIITIC ANDESITE [2581],VOL,53.25,1.18,13.98,3.48,9.0,5.16,7.52
[2581],CONTINENTAL FLOOD BASALT,PARANA / SOUTHERN PARANA PROVINCE / ESMERALDA BASALT,THOLEIITIC ANDESITE [2581],VOL,52.2,1.78,15.0,3.25,9.43,4.97,7.11
[2581],CONTINENTAL FLOOD BASALT,PARANA / SOUTHERN PARANA PROVINCE / ESMERALDA BASALT,THOLEIITIC ANDESITE [2581],VOL,53.36,1.27,13.81,4.24,9.07,5.1,7.22
[2581],CONTINENTAL FLOOD BASALT,PARANA / SOUTHERN PARANA PROVINCE / ESMERALDA BASALT,THOLEIITIC ANDESITE [2581],VOL,53.66,1.19,15.41,3.49,8.45,5.4,6.6
[2581],CONTINENTAL FLOOD BASALT,PARANA / SOUTHERN PARANA PROVINCE / ESMERALDA BASALT,THOLEIITIC ANDESITE [2581],VOL,52.19,1.33,15.06,4.68,9.41,4.61,5.97
[2581],CONTINENTAL FLOOD BASALT,PARANA / SOUTHERN PARANA PROVINCE / ESMERALDA BASALT,THOLEIITIC ANDESITE [2581],VOL,50.46,1.79,16.01,3.36,9.28,4.69,7.72
[2581],CONTINENTAL FLOOD BASALT,PARANA / SOUTHERN PARANA PROVINCE / ESMERALDA BASALT,THOLEIITIC ANDESITE [2581],VOL,52.08,1.38,13.09,4.93,8.4,4.82,7.75
[2581],CONTINENTAL FLOOD BASALT,PARANA / SOUTHERN PARANA PROVINCE / ESMERALDA BASALT,THOLEIITIC ANDESITE [2581],VOL,53.73,1.42,14.26,4.46,7.84,4.24,7.04
[2581],CONTINENTAL FLOOD BASALT,PARANA / SOUTHERN PARANA PROVINCE / ESMERALDA BASALT,THOLEIITIC ANDESITE [2581],VOL,53.0,1.36,14.86,4.53,8.78,3.96,6.94
[2581],CONTINENTAL FLOOD BASALT,PARANA / SOUTHERN PARANA PROVINCE / ESMERALDA BASALT,THOLEIITIC ANDESITE [2581],VOL,51.9,1.4,14.55,4.38,8.35,3.57,7.97
[2581],CONTINENTAL FLOOD BASALT,PARANA / SOUTHERN PARANA PROVINCE / ESMERALDA BASALT,THOLEIITIC ANDESITE [2581],VOL,53.37,1.47,14.72,3.63,8.31,3.36,7.88
[2581],CONTINENTAL FLOOD BASALT,PARANA / SOUTHERN PARANA PROVINCE / ESMERALDA BASALT,THOLEIITIC ANDESITE [2581],VOL,54.37,1.26,14.3,2.56,8.29,3.95,7.81
[2581],CONTINENTAL FLOOD BASALT,PARANA / SOUTHERN PARANA PROVINCE / ESMERALDA BASALT,THOLEIITIC ANDESITE [2581],VOL,55.46,0.95,13.2,3.68,8.06,4.33,7.71
[2581],CONTINENTAL FLOOD BASALT,PARANA / SOUTHERN PARANA PROVINCE / ESMERALDA BASALT,THOLEIITIC ANDESITE [2581],VOL,55.5,1.43,13.82,3.52,7.49,3.93,7.97
[2581],CONTINENTAL FLOOD BASALT,PARANA / SOUTHERN PARANA PROVINCE / ESMERALDA BASALT,THOLEIITIC ANDESITE [2581],VOL,55.4,1.41,13.26,4.37,7.25,4.0,7.77
[2581],CONTINENTAL FLOOD BASALT,PARANA / SOUTHERN PARANA PROVINCE / ESMERALDA BASALT,THOLEIITIC ANDESITE [2581],VOL,53.3,1.54,14.69,6.32,8.12,3.03,5.75
[2581],CONTINENTAL FLOOD BASALT,PARANA / SOUTHERN PARANA PROVINCE / ESMERALDA BASALT,THOLEIITIC ANDESITE [2581],VOL,55.8,1.49,13.07,3.4,7.4,3.14,9.11
[2581],CONTINENTAL FLOOD BASALT,PARANA / SOUTHERN PARANA PROVINCE / ESMERALDA BASALT,THOLEIITIC ANDESITE [2581],VOL,56.28,1.61,12.72,4.47,6.67,3.04,7.83
[2581],CONTINENTAL FLOOD BASALT,PARANA / SOUTHERN PARANA PROVINCE / ESMERALDA BASALT,THOLEIITIC ANDESITE [2581],VOL,53.99,1.62,14.32,3.89,7.44,2.32,8.52
[2581],CONTINENTAL FLOOD BASALT,PARANA / SOUTHERN PARANA PROVINCE / ESMERALDA BASALT,THOLEIITIC ANDESITE [2581],VOL,55.45,1.72,13.72,3.55,7.29,2.27,8.55
[2581],CONTINENTAL FLOOD BASALT,PARANA / SOUTHERN PARANA PROVINCE / BARRA DO OURO-MORRINHOS SERIES,THOLEIITIC ANDESITE [2581],VOL,47.97,1.16,15.68,5.82,10.19,7.16,4.71
[2581],CONTINENTAL FLOOD BASALT,PARANA / SOUTHERN PARANA PROVINCE / BARRA DO OURO-MORRINHOS SERIES,THOLEIITIC ANDESITE [2581],VOL,48.18,1.0,16.26,4.31,9.94,6.31,5.57
[2581],CONTINENTAL FLOOD BASALT,PARANA / SOUTHERN PARANA PROVINCE / BARRA DO OURO-MORRINHOS SERIES,THOLEIITIC ANDESITE [2581],VOL,48.35,1.12,16.53,5.31,10.08,6.38,4.64
[2581],CONTINENTAL FLOOD BASALT,PARANA / SOUTHERN PARANA PROVINCE / BARRA DO OURO-MORRINHOS SERIES,THOLEIITIC ANDESITE [2581],VOL,50.1,0.98,16.28,3.66,10.29,6.57,6.12
[2581],CONTINENTAL FLOOD BASALT,PARANA / SOUTHERN PARANA PROVINCE / BARRA DO OURO-MORRINHOS SERIES,THOLEIITIC ANDESITE [2581],VOL,48.88,1.1,15.95,5.77,9.95,6.11,4.22
[2581],CONTINENTAL FLOOD BASALT,PARANA / SOUTHERN PARANA PROVINCE / BARRA DO OURO-MORRINHOS SERIES,THOLEIITIC ANDESITE [2581],VOL,46.57,1.21,16.89,6.14,10.63,5.37,4.35
[2581],CONTINENTAL FLOOD BASALT,PARANA / SOUTHERN PARANA PROVINCE / BARRA DO OURO-MORRINHOS SERIES,THOLEIITIC ANDESITE [2581],VOL,50.71,1.31,15.92,4.37,9.59,5.32,6.15
[2581],CONTINENTAL FLOOD BASALT,PARANA / SOUTHERN PARANA PROVINCE / BARRA DO OURO-MORRINHOS SERIES,THOLEIITIC ANDESITE [2581],VOL,53.23,0.98,14.18,1.02,9.86,6.21,9.03
[2581],CONTINENTAL FLOOD BASALT,PARANA / SOUTHERN PARANA PROVINCE / BARRA DO OURO-MORRINHOS SERIES,THOLEIITIC ANDESITE [2581],VOL,53.08,1.06,14.9,2.6,9.03,5.07,6.86
[2581],CONTINENTAL FLOOD BASALT,PARANA / SOUTHERN PARANA PROVINCE / BARRA DO OURO-MORRINHOS SERIES,THOLEIITIC ANDESITE [2581],VOL,51.13,1.2,14.08,4.44,10.03,5.45,6.7
[2581],CONTINENTAL FLOOD BASALT,PARANA / SOUTHERN PARANA PROVINCE / BARRA DO OURO-MORRINHOS SERIES,THOLEIITIC ANDESITE [2581],VOL,52.07,1.2,14.06,3.96,9.07,5.49,7.3
[2581],CONTINENTAL FLOOD BASALT,PARANA / SOUTHERN PARANA PROVINCE / BARRA DO OURO-MORRINHOS SERIES,THOLEIITIC ANDESITE [2581],VOL,50.99,1.25,15.83,3.94,9.2,5.06,6.37
[2581],CONTINENTAL FLOOD BASALT,PARANA / SOUTHERN PARANA PROVINCE / BARRA DO OURO-MORRINHOS SERIES,THOLEIITIC ANDESITE [2581],VOL,55.13,1.22,13.9,3.06,8.25,4.86,6.68
[2581],CONTINENTAL FLOOD BASALT,PARANA / SOUTHERN PARANA PROVINCE / BARRA DO OURO-MORRINHOS SERIES,THOLEIITIC ANDESITE [2581],VOL,54.87,1.21,14.1,2.41,7.99,5.01,7.49
[2581],CONTINENTAL FLOOD BASALT,PARANA / SOUTHERN PARANA PROVINCE / BARRA DO OURO-MORRINHOS SERIES,THOLEIITIC ANDESITE [2581],VOL,55.46,1.21,14.27,2.24,8.31,4.39,7.19
[2581],CONTINENTAL FLOOD BASALT,PARANA / SOUTHERN PARANA PROVINCE / BARRA DO OURO-MORRINHOS SERIES,THOLEIITIC ANDESITE [2581],VOL,51.81,1.29,15.03,5.19,8.77,4.71,6.28
[2581],CONTINENTAL FLOOD BASALT,PARANA / SOUTHERN PARANA PROVINCE / BARRA DO OURO-MORRINHOS SERIES,THOLEIITIC ANDESITE [2581],VOL,52.26,1.25,15.17,5.04,6.94,3.97,4.96
[2581],CONTINENTAL FLOOD BASALT,PARANA / SOUTHERN PARANA PROVINCE / BARRA DO OURO-MORRINHOS SERIES,THOLEIITIC ANDESITE [2581],VOL,52.71,1.3,16.11,5.35,8.45,3.65,5.19
[2581],CONTINENTAL FLOOD BASALT,PARANA / SOUTHERN PARANA PROVINCE / BARRA DO OURO-MORRINHOS SERIES,THOLEIITIC ANDESITE [2581],VOL,58.11,1.76,12.29,3.0,6.0,2.15,9.4
[2581],CONTINENTAL FLOOD BASALT,PARANA / SOUTHERN PARANA PROVINCE / BARRA DO OURO-MORRINHOS SERIES,THOLEIITIC ANDESITE [2581],VOL,57.82,1.71,12.3,3.45,6.04,2.06,8.76
[2581],CONTINENTAL FLOOD BASALT,PARANA / SOUTHERN PARANA PROVINCE / BARRA DO OURO-MORRINHOS SERIES,THOLEIITIC ANDESITE [2581],VOL,53.2,1.28,14.29,5.69,6.32,4.53,4.91
[10354],CONVERGENT MARGIN,HONSHU ARC / SOUTHWESTERN HONSHU ARC / HIRADO SHIMA,THOLEIITIC ANDESITE [10354],VOL,52.97,0.89,17.32,3.01,8.74,4.43,6.25
[10354],CONVERGENT MARGIN,HONSHU ARC / SOUTHWESTERN HONSHU ARC / HIRADO SHIMA,THOLEIITIC ANDESITE [10354],VOL,62.68,0.93,14.72,0.67,5.21,1.31,6.34
[10402],CONVERGENT MARGIN,ANDEAN ARC / NORTHERN ANDEAN VOLCANIC ZONE / COLOMBIA / COMBIA VOLCANIC COMPLEX,THOLEIITIC ANDESITE [10402],VOL,56.2,0.96,16.8,1.14,7.45,3.51,7.61
[10402],CONVERGENT MARGIN,ANDEAN ARC / NORTHERN ANDEAN VOLCANIC ZONE / COLOMBIA / COMBIA VOLCANIC COMPLEX,THOLEIITIC ANDESITE [10402],VOL,54.4,1.27,17.4,1.29,8.16,2.98,8.62
[10402],CONVERGENT MARGIN,ANDEAN ARC / NORTHERN ANDEAN VOLCANIC ZONE / COLOMBIA / NEVADO DEL RUIZ,THOLEIITIC ANDESITE [10402],VOL,55.5,0.81,15.2,0.9,7.56,8.32,6.0
[10402],CONVERGENT MARGIN,ANDEAN ARC / NORTHERN ANDEAN VOLCANIC ZONE / COLOMBIA / NEVADO DEL RUIZ,THOLEIITIC ANDESITE [10402],VOL,61.0,0.77,15.8,0.7,5.6,3.59,4.66
[13065],INTRAPLATE VOLCANICS,CARPATHIAN BELT AND PANNONIAN BASIN / EASTERN ALPINE-WESTERN CARPATHIAN-NORTHERN PANNONI / NOGRAD-GÖMÖR VOLCANIC FIELD,THOLEIITIC ANDESITE [13065],VOL,56.03,0.61,16.44,0.78,7.52,2.85,5.63
[13065],INTRAPLATE VOLCANICS,CARPATHIAN BELT AND PANNONIAN BASIN / EASTERN ALPINE-WESTERN CARPATHIAN-NORTHERN PANNONI / NOGRAD-GÖMÖR VOLCANIC FIELD,THOLEIITIC ANDESITE [13065],VOL,61.04,0.86,16.03,1.13,5.0,1.49,5.22
[13065],INTRAPLATE VOLCANICS,CARPATHIAN BELT AND PANNONIAN BASIN / EASTERN ALPINE-WESTERN CARPATHIAN-NORTHERN PANNONI / NOGRAD-GÖMÖR VOLCANIC FIELD,THOLEIITIC ANDESITE [13065],VOL,59.34,0.43,17.84,2.15,7.91,1.73,4.4
[13065],INTRAPLATE VOLCANICS,CARPATHIAN BELT AND PANNONIAN BASIN / EASTERN ALPINE-WESTERN CARPATHIAN-NORTHERN PANNONI / NOGRAD-GÖMÖR VOLCANIC FIELD,THOLEIITIC ANDESITE [13065],VOL,57.94,0.52,16.22,1.66,7.21,3.12,4.31
[13065],INTRAPLATE VOLCANICS,CARPATHIAN BELT AND PANNONIAN BASIN / EASTERN ALPINE-WESTERN CARPATHIAN-NORTHERN PANNONI / NOGRAD-GÖMÖR VOLCANIC FIELD,THOLEIITIC ANDESITE [13065],VOL,57.49,0.43,17.3,1.53,6.92,1.69,4.67
[13065],INTRAPLATE VOLCANICS,CARPATHIAN BELT AND PANNONIAN BASIN / EASTERN ALPINE-WESTERN CARPATHIAN-NORTHERN PANNONI / NOGRAD-GÖMÖR VOLCANIC FIELD,THOLEIITIC ANDESITE [13065],VOL,57.96,0.61,16.44,1.28,7.5,2.79,5.1
[13065],INTRAPLATE VOLCANICS,CARPATHIAN BELT AND PANNONIAN BASIN / EASTERN ALPINE-WESTERN CARPATHIAN-NORTHERN PANNONI / NOGRAD-GÖMÖR VOLCANIC FIELD,THOLEIITIC ANDESITE [13065],VOL,54.94,0.5,16.45,4.39,5.77,1.34,1.41
[13065],INTRAPLATE VOLCANICS,CARPATHIAN BELT AND PANNONIAN BASIN / EASTERN ALPINE-WESTERN CARPATHIAN-NORTHERN PANNONI / NOGRAD-GÖMÖR VOLCANIC FIELD,THOLEIITIC ANDESITE [13065],VOL,60.11,0.43,17.82,3.36,6.91,1.43,2.64
